step,actor_entropy,actor_pg_clipfrac,actor_ppo_kl,actor_pg_clipfrac_lower,actor_pg_loss,actor_grad_norm,perf_mfu_actor,perf_max_memory_allocated_gb,perf_max_memory_reserved_gb,perf_cpu_memory_used_gb,actor_lr,training_global_step,training_epoch,critic_score_mean,critic_score_max,critic_score_min,critic_rewards_mean,critic_rewards_max,critic_rewards_min,critic_advantages_mean,critic_advantages_max,critic_advantages_min,critic_returns_mean,critic_returns_max,critic_returns_min,response_length_mean,response_length_max,response_length_min,response_length_clip_ratio,response_length_non_aborted_mean,response_length_non_aborted_max,response_length_non_aborted_min,response_length_non_aborted_clip_ratio,response_aborted_ratio,prompt_length_mean,prompt_length_max,prompt_length_min,prompt_length_clip_ratio,num_turns_min,num_turns_max,num_turns_mean,group_reward_all_zero_rate,group_reward_at_least_one_positive_rate,group_reward_positive_responses_per_group_mean,group_reward_positive_responses_per_group_max,group_reward_sum_per_group_mean,group_size_mean,group_size_min,group_size_max,timing_s_start_profile,timing_s_agent_loop_generate_sequences_min,timing_s_agent_loop_generate_sequences_max,timing_s_agent_loop_generate_sequences_mean,timing_s_agent_loop_tool_calls_min,timing_s_agent_loop_tool_calls_max,timing_s_agent_loop_tool_calls_mean,timing_s_agent_loop_slowest_generate_sequences,timing_s_agent_loop_slowest_tool_calls,timing_s_agent_loop_slowest_prompt_length,timing_s_agent_loop_slowest_response_length,timing_s_gen,timing_s_reward,timing_s_old_log_prob,timing_s_adv,timing_s_update_actor,timing_s_step,timing_s_stop_profile,timing_per_token_ms_gen,timing_per_token_ms_update_actor,timing_per_token_ms_adv,perf_total_num_tokens,perf_time_per_step,perf_throughput,val-aux_textcraft_reward_mean@1,val-core_textcraft_acc_mean@1,val-aux_num_turns_min,val-aux_num_turns_max,val-aux_num_turns_mean,timing_s_testing,timing_s_save_checkpoint
1,0.2625490128993988,0.0013417082373052835,0.0002455964147429768,0.0,0.0244173314422369,0.2890625,0.2585573323175767,196.36933183670044,201.67578125,138.19406127929688,5e-06,1,0,0.9140625,1.0,0.0,0.9140625,1.0,0.0,-0.15354739129543304,1.6201815605163574,-2.4748666286468506,-0.15354739129543304,1.6201815605163574,-2.4748666286468506,1750.890625,8192.0,274.0,0.0078125,1750.890625,8192.0,274.0,0.0078125,0.0,974.6875,1132.0,788.0,0.0,6,62,19.7265625,0.0,1.0,7.3125,8,7.3125,8.0,8,8,0.00013919919729232788,3.0305139739066362,73.43412736430764,18.160762137340498,0.0,0.0,0.0,73.43412736430764,0.0,1132,8192,81.84512459300458,0.00015009939670562744,4.849169068038464,0.0043930672109127045,21.158651012927294,107.89082870259881,3.596395254135132e-05,0.36519416276093675,0.06064840318546895,1.2592131287836596e-05,348874,107.89082870259881,1616.7917338074749,,,,,,,
2,0.21174503862857819,0.00043803162407130003,6.569776894593815e-05,0.0,0.004007253097370267,0.21435546875,0.3232636002640066,196.36933183670044,201.67578125,139.01353073120117,5e-06,2,0,0.984375,1.0,0.0,0.984375,1.0,0.0,-0.018407830968499184,0.5400605201721191,-1.6201815605163574,-0.018407830968499184,0.5400605201721191,-1.6201815605163574,1511.1875,6963.0,288.0,0.0,1511.1875,6963.0,288.0,0.0,0.0,933.4375,1086.0,784.0,0.0,6,62,18.265625,0.0,1.0,7.875,8,7.875,8.0,8,8,3.692694008350372e-05,3.185498094186187,61.37330533750355,15.601919750348316,0.0,0.0,0.0,61.37330533750355,0.0,1086,6963,63.594313165172935,0.00010921061038970947,2.4320066273212433,0.003683546558022499,14.757302731275558,80.81429702229798,3.840401768684387e-05,0.3287683173682376,0.04716119142530666,1.1771829006310078e-05,312912,80.81429702229798,1935.9940723957698,,,,,,,
3,0.250375896692276,0.0005779603234259412,2.4282466711156303e-05,1.4011253597345785e-06,0.01116039016051218,0.23095703125,0.26764925694963915,200.08550357818604,205.46875,139.67406845092773,5e-06,3,0,0.9375,1.0,0.0,0.9375,1.0,0.0,-0.07312539219856262,2.4748666286468506,-2.4748666286468506,-0.07312539219856262,2.4748666286468506,-2.4748666286468506,2094.5625,8192.0,255.0,0.015625,2094.5625,8192.0,255.0,0.015625,0.0,1010.75,1260.0,786.0,0.0,6,62,23.0625,0.0,1.0,7.5,8,7.5,8.0,8,8,3.234855830669403e-05,2.7938677351921797,76.46358520165086,22.05433932878077,0.0,0.0,0.0,76.46358520165086,0.0,1049,8192,78.61411166004837,0.00010433048009872437,3.0085151959210634,0.0036678779870271683,23.2214769795537,104.87303544767201,3.884360194206238e-05,0.29322244972118416,0.058421749470548706,9.227830298448144e-06,397480,104.87303544767201,1895.0533771778194,,,,,,,
4,0.3025592267513275,0.0011885802014148794,0.00010709010007303732,1.8953504650198738e-06,0.015941990131977946,0.263671875,0.3259850846929804,226.86913394927979,232.8515625,139.5781707763672,5e-06,4,0,0.875,1.0,0.0,0.875,1.0,0.0,-0.12909828126430511,1.20761239528656,-2.4748666286468506,-0.12909828126430511,1.20761239528656,-2.4748666286468506,2599.4453125,8192.0,228.0,0.015625,2599.4453125,8192.0,228.0,0.015625,0.0,922.9375,1154.0,785.0,0.0,6,62,24.71875,0.0,1.0,7.0,8,7.0,8.0,8,8,3.115832805633545e-05,2.484972348436713,84.44214148819447,27.273020013119094,0.0,0.0,0.0,84.44214148819447,0.0,867,8192,86.65538182109594,0.0001026596873998642,3.4883969593793154,0.0036361627280712128,23.284878730773926,113.46181029640138,3.933534026145935e-05,0.26043832013769747,0.05164490197902682,8.06485916642723e-06,450865,113.46181029640138,1986.8579516851755,,,,,,,
5,0.26779547333717346,0.001062225781424786,-3.3451699493980414e-05,0.0,0.02447770448634401,0.3408203125,0.325787318196404,226.86913394927979,232.8515625,139.40811920166016,5e-06,5,0,0.9453125,1.0,0.0,0.9453125,1.0,0.0,-0.17394521832466125,0.7245674133300781,-2.4748666286468506,-0.17394521832466125,0.7245674133300781,-2.4748666286468506,1804.2734375,8192.0,206.0,0.0078125,1804.2734375,8192.0,206.0,0.0078125,0.0,953.0,1204.0,779.0,0.0,6,62,20.0390625,0.0,1.0,7.5625,8,7.5625,8.0,8,8,3.423914313316345e-05,2.170803338289261,73.99865653552115,18.23192001582356,0.0,0.0,0.0,73.99865653552115,0.0,1086,8192,76.26019293814898,0.00010304339230060577,2.7102210726588964,0.003712669014930725,17.06316144578159,96.06281503476202,3.933906555175781e-05,0.3302064670168869,0.048347018102069775,1.0519532188815166e-05,352931,96.06281503476202,1836.9803126854324,,,,,,,
6,0.24568121135234833,0.0007922236945887562,2.3993890408746665e-05,0.0,0.015199625137029216,0.3017578125,0.3264647491325343,226.86913394927979,232.8515625,139.81182479858398,5e-06,6,0,0.9765625,1.0,0.0,0.9765625,1.0,0.0,-0.11498620361089706,0.35355237126350403,-2.4748666286468506,-0.11498620361089706,0.35355237126350403,-2.4748666286468506,1784.796875,7663.0,214.0,0.0,1784.796875,7663.0,214.0,0.0,0.0,955.8125,1099.0,800.0,0.0,6,62,19.890625,0.0,1.0,7.8125,8,7.8125,8.0,8,8,6.0753896832466125e-05,2.3186010476201773,63.25205199792981,18.52312018618977,0.0,0.0,0.0,63.25205199792981,0.0,1080,7663,65.38122866488993,0.00010517425835132599,2.680148871615529,0.003729000687599182,16.66417557001114,84.75465820729733,3.79122793674469e-05,0.28618990547283013,0.047503621942004054,1.063005116220498e-05,350798,84.75465820729733,2069.490972059613,,,,,,,
7,0.2524625062942505,0.0005771110954810865,7.332878431043355e-05,0.0,0.008767221588641405,0.21484375,0.3320082607870708,226.86913394927979,232.8515625,140.2508201599121,5e-06,7,0,0.9140625,1.0,0.0,0.9140625,1.0,0.0,-0.054241836071014404,0.5400605201721191,-2.4748666286468506,-0.054241836071014404,0.5400605201721191,-2.4748666286468506,2085.21875,7957.0,228.0,0.0,2085.21875,7957.0,228.0,0.0,0.0,969.875,1109.0,784.0,0.0,6,62,22.578125,0.0625,0.9375,7.3125,8,7.3125,8.0,8,8,3.228895366191864e-05,2.791972305625677,74.23831093683839,21.726901467176504,0.0,0.0,0.0,74.23831093683839,0.0,1076,7668,76.46591310761869,0.00010884366929531097,2.9969142265617847,0.0037110764533281326,18.972445188090205,98.46638900600374,3.624334931373596e-05,0.2864879026017155,0.048516425406570494,9.489982031361898e-06,391052,98.46638900600374,1985.7131146352722,,,,,,,
8,0.20685620605945587,0.0,-6.295414277701639e-05,0.0,0.0,0.0,0.3255226523958893,226.86913394927979,232.8515625,139.70672988891602,5e-06,8,0,1.0,1.0,1.0,1.0,1.0,1.0,0.0,0.0,0.0,0.0,0.0,0.0,1389.8671875,4494.0,256.0,0.0,1389.8671875,4494.0,256.0,0.0,0.0,942.625,1121.0,781.0,0.0,6,40,15.828125,0.0,1.0,8.0,8,8.0,8.0,8,8,3.386847674846649e-05,2.810554340481758,41.494290022179484,14.592231350354268,0.0,0.0,0.0,41.494290022179484,0.0,1121,4494,43.61843570508063,0.00010456517338752747,2.4043613728135824,0.0036757048219442368,13.710806736722589,59.76743673719466,3.805011510848999e-05,0.24518100147316588,0.04592327391477929,1.2311485575528579e-05,298559,59.76743673719466,2497.6727821941195,,,,,,,
9,0.2093391865491867,0.00031639167355024256,5.739716891639546e-05,0.0,0.006686852662824094,0.2236328125,0.32515760593426696,226.86913394927979,232.8515625,139.2798080444336,5e-06,9,0,0.9921875,1.0,0.0,0.9921875,1.0,0.0,-0.045734211802482605,0.35355237126350403,-2.4748666286468506,-0.045734211802482605,0.35355237126350403,-2.4748666286468506,1384.4765625,6858.0,219.0,0.0,1384.4765625,6858.0,219.0,0.0,0.0,944.375,1085.0,783.0,0.0,6,62,16.3125,0.0,1.0,7.9375,8,7.9375,8.0,8,8,6.652437150478363e-05,2.394765131175518,56.9181610327214,14.40220641749329,0.0,0.0,0.0,56.9181610327214,0.0,970,6858,59.02842187136412,0.00010559149086475372,2.360033169388771,0.0036230329424142838,13.822141043841839,75.23970332928002,3.645755350589752e-05,0.33309306806703864,0.04636855291416383,1.2154035627855345e-05,298093,75.23970332928002,1980.9554451286306,,,,,,,
10,0.2292214334011078,0.0008064986614044756,8.894272241377621e-05,0.0,0.021544289775192738,0.3388671875,0.32445870213073646,226.86913394927979,232.8515625,139.29123306274414,5e-06,10,0,0.96875,1.0,0.0,0.96875,1.0,0.0,-0.1470375955104828,0.5400605201721191,-2.4748666286468506,-0.1470375955104828,0.5400605201721191,-2.4748666286468506,1649.2109375,7959.0,267.0,0.0,1649.2109375,7959.0,267.0,0.0,0.0,956.4375,1069.0,786.0,0.0,6,62,17.515625,0.0,1.0,7.75,8,7.75,8.0,8,8,2.8409063816070557e-05,2.8888388499617577,71.81201892346144,16.845431841851678,0.0,0.0,0.0,71.81201892346144,0.0,1012,7959,73.9997830092907,0.00010692141950130463,2.5768819581717253,0.00359533354640007,16.031976921483874,92.64075742289424,3.7124380469322205e-05,0.35054539817474595,0.048068579742578096,1.077986689493699e-05,333523,92.64075742289424,1800.087830011506,,,,,,,
11,0.2644560933113098,0.0009591411107976455,5.028219720770721e-05,0.0,0.013806467701215297,0.2294921875,0.3320138586324707,226.86913394927979,232.8515625,139.44971084594727,5e-06,11,0,0.90625,1.0,0.0,0.90625,1.0,0.0,-0.10669687390327454,1.6201815605163574,-2.4748666286468506,-0.10669687390327454,1.6201815605163574,-2.4748666286468506,2510.5234375,8192.0,241.0,0.0078125,2510.5234375,8192.0,241.0,0.0078125,0.0,988.6875,1132.0,798.0,0.0,6,62,24.6796875,0.0,1.0,7.25,8,7.25,8.0,8,8,2.7017667889595032e-05,2.596325332298875,79.63668522797525,25.89580414943339,0.0,0.0,0.0,79.63668522797525,0.0,1132,8192,81.79587594605982,9.568966925144196e-05,3.4345582127571106,0.003646496683359146,22.20525342039764,107.46466257609427,3.747083246707916e-05,0.25454065526069897,0.049576474652539164,8.141336960696823e-06,447899,107.46466257609427,2083.936194760063,,,,,,,
12,0.23519191145896912,0.0004351898896857165,-1.4407725871024013e-05,0.0,0.0032828309340402484,0.20849609375,0.3258847744148038,226.86913394927979,232.8515625,139.33710861206055,5e-06,12,0,0.9765625,1.0,0.0,0.9765625,1.0,0.0,-0.023747362196445465,0.7245674133300781,-1.20761239528656,-0.023747362196445465,0.7245674133300781,-1.20761239528656,1481.5390625,8192.0,227.0,0.015625,1481.5390625,8192.0,227.0,0.015625,0.0,920.125,1107.0,780.0,0.0,6,62,16.0,0.0,1.0,7.8125,8,7.8125,8.0,8,8,3.070756793022156e-05,2.479093002155423,74.5527000296861,14.833504249836551,0.0,0.0,0.0,74.5527000296861,0.0,867,8192,76.65779137797654,0.00010686740279197693,2.462085949257016,0.003659827634692192,14.775887414813042,93.92528425529599,3.546290099620819e-05,0.40423436026712367,0.04806526534275728,1.1905246800532809e-05,307413,93.92528425529599,1636.476282384349,,,,,,,
13,0.2602539360523224,0.0004580142776831053,1.5445376391198806e-05,0.0,0.006110868591349572,0.20849609375,0.32680998737390077,226.86913394927979,232.8515625,140.12331008911133,5e-06,13,0,0.921875,1.0,0.0,0.921875,1.0,0.0,-0.03971667215228081,1.20761239528656,-0.7245674133300781,-0.03971667215228081,1.20761239528656,-0.7245674133300781,1918.84375,8192.0,205.0,0.015625,1918.84375,8192.0,205.0,0.015625,0.0,927.0625,1099.0,783.0,0.0,6,62,20.5,0.0,1.0,7.375,8,7.375,8.0,8,8,2.876482903957367e-05,2.1385313775390387,76.48530998080969,19.244799046078697,0.0,0.0,0.0,76.48530998080969,0.0,886,8192,78.64788309112191,9.559653699398041e-05,2.8223511930555105,0.003673633560538292,17.820237116888165,99.31926610507071,3.4889206290245056e-05,0.3202118914838115,0.04891960249066138,1.0084753210582887e-05,364276,99.31926610507071,1833.8637320106116,,,,,,,
14,0.2274138480424881,0.00049501663306728,-5.9142043255633325e-05,0.0,0.010513724177144468,0.24609375,0.3260568422945366,226.86913394927979,232.8515625,139.30087280273438,5e-06,14,0,0.9453125,1.0,0.0,0.9453125,1.0,0.0,-0.06802061200141907,1.6201815605163574,-2.4748666286468506,-0.06802061200141907,1.6201815605163574,-2.4748666286468506,1635.3984375,7875.0,253.0,0.0,1635.3984375,7875.0,253.0,0.0,0.0,957.3125,1101.0,804.0,0.0,6,62,18.28125,0.0,1.0,7.5625,8,7.5625,8.0,8,8,5.25694340467453e-05,2.7394105195999146,65.18691769987345,16.723002100596204,0.0,0.0,0.0,65.18691769987345,0.0,1099,7875,67.28677291423082,0.00010259635746479034,2.586042767390609,0.003748904913663864,15.842485981062055,85.74882464110851,3.620050847530365e-05,0.3214372114700203,0.04773745500776532,1.1296407638191999e-05,331867,85.74882464110851,1935.1110723032634,,,,,,,
15,0.23054376244544983,0.0003382308605068829,-4.344390708865831e-05,0.0,0.013553192606195807,0.2607421875,0.3224875849662181,226.86913394927979,232.8515625,139.67688751220703,5e-06,15,0,0.9296875,1.0,0.0,0.9296875,1.0,0.0,-0.08339180797338486,0.35355237126350403,-2.4748666286468506,-0.08339180797338486,0.35355237126350403,-2.4748666286468506,1231.3125,8192.0,207.0,0.0078125,1231.3125,8192.0,207.0,0.0078125,0.0,940.0625,1357.0,781.0,0.0,6,62,14.8515625,0.0625,0.9375,7.4375,8,7.4375,8.0,8,8,3.290921449661255e-05,2.173455711454153,74.4434016738087,12.078744886181084,0.0,0.0,0.0,74.4434016738087,0.0,1357,8192,76.78621969744563,0.00010266155004501343,2.2787723187357187,0.00373983196914196,13.44002846069634,92.53377475962043,3.7007033824920654e-05,0.4871974753657532,0.04835655856274948,1.3455730704701659e-05,277936,92.53377475962043,1501.8083976472813,,,,,,,
16,0.18996615707874298,0.0,0.00010573305371508468,0.0,0.0,0.0,0.32698466595096304,226.86913394927979,232.8515625,140.13312149047852,5e-06,16,0,1.0,1.0,1.0,1.0,1.0,1.0,0.0,0.0,0.0,0.0,0.0,0.0,1298.3359375,4276.0,224.0,0.0,1298.3359375,4276.0,224.0,0.0,0.0,965.25,1212.0,783.0,0.0,6,48,15.515625,0.0,1.0,8.0,8,8.0,8.0,8,8,3.235042095184326e-05,2.4095628075301647,37.813929595053196,13.73953460039047,0.0,0.0,0.0,37.813929595053196,0.0,888,4276,39.86545488238335,9.467639029026031e-05,2.243704728782177,0.005420457571744919,13.31769249215722,55.45776744000614,3.5960227251052856e-05,0.23988311289320674,0.04596444556016698,1.8708070269259295e-05,289739,55.45776744000614,2612.249044405167,,,,,,,
17,0.24805346131324768,0.0007427135442412691,0.00010419933619232324,0.0,0.018139911990147084,0.2822265625,0.3279107442206409,226.86913394927979,232.8515625,139.7287254333496,5e-06,17,0,0.8984375,1.0,0.0,0.8984375,1.0,0.0,-0.15774868428707123,0.7245674133300781,-2.4748666286468506,-0.15774868428707123,0.7245674133300781,-2.4748666286468506,1706.515625,8192.0,188.0,0.0078125,1706.515625,8192.0,188.0,0.0078125,0.0,930.25,1141.0,779.0,0.0,6,62,18.5078125,0.0625,0.9375,7.1875,8,7.1875,8.0,8,8,5.566887557506561e-05,1.9440287873148918,71.83488435484469,16.808872609966784,0.0,0.0,0.0,71.83488435484469,0.0,819,7898,73.93426514603198,9.720399975776672e-05,2.647769620642066,0.00374409556388855,16.449421048164368,93.06211491301656,3.818795084953308e-05,0.3384741622001702,0.0487381588717367,1.1093419269253139e-05,337506,93.06211491301656,1813.3372549907158,,,,,,,
18,0.21376818418502808,0.0005472999546327628,-6.043999701432767e-05,0.0,0.011262919244472869,0.201171875,0.3285453950706892,226.86913394927979,232.8515625,140.1500358581543,5e-06,18,0,0.9296875,1.0,0.0,0.9296875,1.0,0.0,-0.06845879554748535,2.4748666286468506,-1.6201815605163574,-0.06845879554748535,2.4748666286468506,-1.6201815605163574,1750.890625,8192.0,228.0,0.0078125,1750.890625,8192.0,228.0,0.0078125,0.0,999.8125,1194.0,786.0,0.0,6,62,20.1484375,0.0,1.0,7.4375,8,7.4375,8.0,8,8,3.2046809792518616e-05,2.4714761581271887,75.38833427615464,17.982939027860994,0.0,0.0,0.0,75.38833427615464,0.0,1194,8174,77.4803693946451,9.60230827331543e-05,2.7290294282138348,0.003640705719590187,16.806256014853716,97.0442656185478,3.824383020401001e-05,0.3457185601731489,0.04773284107714992,1.0340270157034245e-05,352090,97.0442656185478,1814.0690629983294,,,,,,,
19,0.18054018914699554,0.0,5.475230341289716e-05,0.0,0.0,0.0,0.32020057267885016,226.86913394927979,232.8515625,139.75165176391602,5e-06,19,0,1.0,1.0,1.0,1.0,1.0,1.0,0.0,0.0,0.0,0.0,0.0,0.0,949.4609375,3613.0,210.0,0.0,949.4609375,3613.0,210.0,0.0,0.0,890.5625,1072.0,783.0,0.0,6,38,12.5625,0.0,1.0,8.0,8,8.0,8.0,8,8,3.0875205993652344e-05,2.3060266692191362,32.87074564024806,9.824635355413193,0.0,0.0,0.0,32.87074564024806,0.0,962,3613,34.944156205281615,0.00010146386921405792,1.9415363110601902,0.0036164484918117523,10.78645252995193,47.70256768539548,3.586709499359131e-05,0.2875328616178721,0.04579787337097409,1.5354969543576434e-05,235523,47.70256768539548,2468.661661499065,,,,,,,
20,0.23978736996650696,0.0006583136055269279,3.478166063075605e-05,0.0,0.00447610070114024,0.1904296875,0.33308212425981576,226.86913394927979,232.8515625,139.90338134765625,5e-06,20,0,0.859375,1.0,0.0,0.859375,1.0,0.0,-0.036851916462183,1.20761239528656,-2.4748666286468506,-0.036851916462183,1.20761239528656,-2.4748666286468506,2487.0,8192.0,252.0,0.015625,2487.0,8192.0,252.0,0.015625,0.0,953.6875,1197.0,786.0,0.0,6,62,24.875,0.0625,0.9375,6.875,8,6.875,8.0,8,8,3.156252205371857e-05,2.6877151764929295,78.33191746845841,25.393659241643036,0.0,0.0,0.0,78.33191746845841,0.0,954,8192,80.42067628912628,0.00010165572166442871,3.385155951604247,0.003611316904425621,21.862482864409685,105.69791235774755,4.394538700580597e-05,0.2526282804619216,0.04964142991137692,8.199934843203622e-06,440408,105.69791235774755,2083.333483964116,,,,,,,
21,0.222092404961586,0.00046001665396033786,1.3883684459869983e-05,0.0,0.03304941303213127,0.3271484375,0.32309130170930034,226.86913394927979,232.8515625,139.6495132446289,5e-06,21,0,0.90625,1.0,0.0,0.90625,1.0,0.0,-0.2216966152191162,0.5400605201721191,-2.4748666286468506,-0.2216966152191162,0.5400605201721191,-2.4748666286468506,1587.0546875,8192.0,224.0,0.0234375,1587.0546875,8192.0,224.0,0.0234375,0.0,938.1875,1206.0,781.0,0.0,6,62,17.4296875,0.0625,0.9375,7.25,8,7.25,8.0,8,8,3.139860928058624e-05,2.353189531713724,78.384421531111,15.955752713503898,0.0,0.0,0.0,78.384421531111,0.0,1206,8192,80.58688793703914,0.0001087728887796402,2.570214932784438,0.0038021840155124664,15.72078313305974,98.9110044836998,4.162825644016266e-05,0.3967002945562443,0.04863637192305113,1.1763054952997907e-05,323231,98.9110044836998,1633.948627289835,,,,,,,
22,0.21606501936912537,0.0002576818806119263,6.338283856166527e-05,0.0,0.0018941914895549417,0.14404296875,0.326944540006056,226.86913394927979,232.8515625,139.53942489624023,5e-06,22,0,0.9296875,1.0,0.0,0.9296875,1.0,0.0,-0.014388347044587135,0.35355237126350403,-2.4748666286468506,-0.014388347044587135,0.35355237126350403,-2.4748666286468506,1638.1796875,8192.0,224.0,0.0078125,1638.1796875,8192.0,224.0,0.0078125,0.0,979.0,1092.0,784.0,0.0,6,62,19.5390625,0.0625,0.9375,7.4375,8,7.4375,8.0,8,8,4.96935099363327e-05,2.4261282570660114,73.09648444317281,16.546277134752017,0.0,0.0,0.0,73.09648444317281,0.0,1086,8192,75.59302128106356,0.00010092183947563171,2.589030958712101,0.0036712922155857086,15.94764519110322,94.16318397969007,3.557838499546051e-05,0.3605040907689249,0.047605053122854755,1.0959113954327351e-05,334999,94.16318397969007,1778.8215406578406,,,,,,,
23,0.20164769887924194,0.00024645572011650074,1.8649623370947666e-05,0.0,0.003922447212971747,0.14111328125,0.3321928690731833,226.86913394927979,232.8515625,140.14263916015625,5e-06,23,0,0.9296875,1.0,0.0,0.9296875,1.0,0.0,-0.04434661194682121,0.35355237126350403,-2.4748666286468506,-0.04434661194682121,0.35355237126350403,-2.4748666286468506,1763.5546875,7779.0,238.0,0.0,1763.5546875,7779.0,238.0,0.0,0.0,991.625,1255.0,784.0,0.0,6,62,20.875,0.0625,0.9375,7.4375,8,7.4375,8.0,8,8,3.0025839805603027e-05,2.619245510548353,72.3212859518826,18.208162915761932,0.0,0.0,0.0,72.3212859518826,0.0,1255,7779,74.53003782220185,0.0001807957887649536,2.696966940537095,0.0036409180611371994,16.40162919089198,93.66302987746894,4.338845610618591e-05,0.3301660700476304,0.04650793871455747,1.032407159565137e-05,352663,93.66302987746894,1882.615800820013,,,,,,,
24,0.25415387749671936,0.0007338498053286457,5.4424520840257173e-05,1.327442987530958e-06,0.018553622416220605,0.2490234375,0.3307982355660595,226.86913394927979,232.8515625,139.88650512695312,5e-06,24,1,0.8515625,1.0,0.0,0.8515625,1.0,0.0,-0.140116885304451,2.4748666286468506,-2.4748666286468506,-0.140116885304451,2.4748666286468506,-2.4748666286468506,1999.5859375,8192.0,264.0,0.0234375,1999.5859375,8192.0,264.0,0.0234375,0.0,952.0,1107.0,783.0,0.0,6,62,21.3984375,0.0625,0.9375,6.8125,8,6.8125,8.0,8,8,0.0001407470554113388,2.8744366336613894,75.98311108350754,19.76776259043254,0.0,0.0,0.0,75.98311108350754,0.0,1076,8192,78.157534442842,0.00014988519251346588,2.9955982342362404,0.003943994641304016,18.702722979709506,99.90835830383003,3.9750710129737854e-05,0.30536608924051467,0.04950390277395761,1.0439288839167546e-05,377803,99.90835830383003,1890.74771327474,,,,,,,
25,0.19341391324996948,0.0005177126149646938,2.4344928988284664e-06,0.0,0.0037088774843141437,0.22705078125,0.3236964194636466,226.86913394927979,232.8515625,139.94585418701172,5e-06,25,1,0.9921875,1.0,0.0,0.9921875,1.0,0.0,-0.02669110707938671,0.35355237126350403,-2.4748666286468506,-0.02669110707938671,0.35355237126350403,-2.4748666286468506,1323.6484375,6750.0,196.0,0.0,1323.6484375,6750.0,196.0,0.0,0.0,910.1875,1079.0,783.0,0.0,6,62,15.328125,0.0,1.0,7.9375,8,7.9375,8.0,8,8,3.482215106487274e-05,2.0272009130567312,58.98412221297622,13.708651749839191,0.0,0.0,0.0,58.98412221297622,0.0,954,6750,61.19982751831412,0.0001038815826177597,2.2582310047000647,0.003650626167654991,13.37027415074408,76.86127789877355,4.0318816900253296e-05,0.36121649747864343,0.046760491694653884,1.276750743240499e-05,285931,76.86127789877355,1860.0458372327068,,,,,,,
26,0.21898193657398224,0.0008028363008634187,-4.5065097118879294e-05,0.0,0.012413817923516035,0.267578125,0.32443987648232764,226.86913394927979,232.8515625,140.30472564697266,5e-06,26,1,0.9765625,1.0,0.0,0.9765625,1.0,0.0,-0.080073282122612,0.35355237126350403,-2.4748666286468506,-0.080073282122612,0.35355237126350403,-2.4748666286468506,1697.9140625,7837.0,247.0,0.0,1697.9140625,7837.0,247.0,0.0,0.0,935.4375,1078.0,784.0,0.0,6,62,18.5625,0.0,1.0,7.8125,8,7.8125,8.0,8,8,5.594082176685333e-05,2.664492292329669,67.0756570994854,17.664041174415615,0.0,0.0,0.0,67.0756570994854,0.0,867,7837,69.2166421636939,0.00010380521416664124,2.6282395869493484,0.0037135928869247437,16.221702948212624,88.09906854107976,3.538839519023895e-05,0.31848197081756524,0.04812576341405654,1.1017307693453695e-05,337069,88.09906854107976,1913.0111451906437,,,,,,,
27,0.2200257033109665,0.0006625401292694733,3.575404298317153e-05,0.0,0.008993641822598875,0.2607421875,0.3281094630229152,226.86913394927979,232.8515625,140.5074806213379,5e-06,27,1,0.8984375,1.0,0.0,0.8984375,1.0,0.0,-0.06676250696182251,2.4748666286468506,-2.4748666286468506,-0.06676250696182251,2.4748666286468506,-2.4748666286468506,1964.1171875,8192.0,217.0,0.0078125,1964.1171875,8192.0,217.0,0.0078125,0.0,979.5,1357.0,788.0,0.0,6,62,21.5703125,0.0,1.0,7.1875,8,7.1875,8.0,8,8,5.378201603889465e-05,2.2741711121052504,76.0776085164398,19.82886581150524,0.0,0.0,0.0,76.0776085164398,0.0,1099,8192,78.19376415200531,0.00010173767805099487,2.9430043641477823,0.0036849267780780792,18.47083747573197,99.64759808219969,4.546530544757843e-05,0.31102461010236515,0.04902248104540802,9.779970906537926e-06,376783,99.64759808219969,1890.5774311247835,,,,,,,
28,0.23155759274959564,0.000634217300103046,1.2835401321353856e-05,0.0,0.008919319836422801,0.2412109375,0.3253623452120433,226.86913394927979,232.8515625,140.4237518310547,5e-06,28,1,0.9765625,1.0,0.0,0.9765625,1.0,0.0,-0.05022773891687393,0.5400605201721191,-2.4748666286468506,-0.05022773891687393,0.5400605201721191,-2.4748666286468506,1831.140625,7469.0,261.0,0.0,1831.140625,7469.0,261.0,0.0,0.0,957.8125,1154.0,784.0,0.0,6,62,20.03125,0.0,1.0,7.8125,8,7.8125,8.0,8,8,3.267638385295868e-05,2.7651211507618427,69.76056733168662,18.993725505759357,0.0,0.0,0.0,69.76056733168662,0.0,1154,7469,71.91459649987519,9.969621896743774e-05,2.7372690849006176,0.0035950075834989548,17.12338880263269,91.81796708703041,3.9849430322647095e-05,0.3068212115906035,0.047966555558572856,1.0070444172877801e-05,356986,91.81796708703041,1943.9877146355675,,,,,,,
29,0.1839740127325058,0.0,-3.884188981828629e-05,0.0,0.0,0.0,0.321197888106606,226.86913394927979,232.8515625,139.20126342773438,5e-06,29,1,1.0,1.0,1.0,1.0,1.0,1.0,0.0,0.0,0.0,0.0,0.0,0.0,1228.796875,3776.0,227.0,0.0,1228.796875,3776.0,227.0,0.0,0.0,948.75,1101.0,783.0,0.0,6,38,15.78125,0.0,1.0,8.0,8,8.0,8.0,8,8,2.9999762773513794e-05,2.4080597329884768,34.79417200945318,12.98207470298803,0.0,0.0,0.0,34.79417200945318,0.0,826,3776,36.87465807236731,9.571947157382965e-05,2.229951547458768,0.003636416047811508,12.824759859591722,51.95939368195832,3.831647336483002e-05,0.23444335841948621,0.04601206869682671,1.3046562027982708e-05,278726,51.95939368195832,2682.1521600701535,,,,,,,
30,0.18316049873828888,0.00023460784905182663,0.00015156562608353852,0.0,0.01578938313468825,0.2783203125,0.31498655879141324,226.86913394927979,232.8515625,139.39695358276367,5e-06,30,1,0.9921875,1.0,0.0,0.9921875,1.0,0.0,-0.10347779095172882,0.35355237126350403,-2.4748666286468506,-0.10347779095172882,0.35355237126350403,-2.4748666286468506,939.3828125,6359.0,187.0,0.0,939.3828125,6359.0,187.0,0.0,0.0,918.375,1204.0,780.0,0.0,6,62,12.5625,0.0,1.0,7.9375,8,7.9375,8.0,8,8,5.318596959114075e-05,1.9152482990175486,54.37925628386438,9.546468574350001,0.0,0.0,0.0,54.37925628386438,0.0,1204,6359,56.43345918878913,9.94224101305008e-05,2.009254226461053,0.003663327544927597,11.16409601829946,69.64175734296441,3.709644079208374e-05,0.46933624295198084,0.04694880008368396,1.5405531470344363e-05,237793,69.64175734296441,1707.2587558994385,,,,,,,
31,0.19114357233047485,0.0,-3.592461052903673e-05,0.0,0.0,0.0,0.3289508873162564,226.86913394927979,232.8515625,138.35828018188477,5e-06,31,1,1.0,1.0,1.0,1.0,1.0,1.0,0.0,0.0,0.0,0.0,0.0,0.0,1428.8046875,4782.0,539.0,0.0,1428.8046875,4782.0,539.0,0.0,0.0,991.5625,1106.0,868.0,0.0,8,54,17.734375,0.0,1.0,8.0,8,8.0,8.0,8,8,3.0139461159706116e-05,6.069226406514645,43.37050451152027,15.013866391484044,0.0,0.0,0.0,43.37050451152027,0.0,959,4782,45.55294787324965,0.00011594034731388092,2.428028153255582,0.00429883599281311,14.053132887929678,62.080858550965786,3.9208680391311646e-05,0.2490770140756295,0.04536092757080917,1.3875851716756273e-05,309807,62.080858550965786,2495.189396790167,,,,,,,
32,0.21007560193538666,0.0006057556129235309,-3.548095355654368e-05,0.0,0.01510116847930476,0.265625,0.3302070680880373,226.86913394927979,232.8515625,138.70557022094727,5e-06,32,1,0.9765625,1.0,0.0,0.9765625,1.0,0.0,-0.09542594850063324,0.5400605201721191,-2.4748666286468506,-0.09542594850063324,0.5400605201721191,-2.4748666286468506,1721.8515625,8152.0,526.0,0.0,1721.8515625,8152.0,526.0,0.0,0.0,998.875,1083.0,826.0,0.0,8,62,18.640625,0.0,1.0,7.8125,8,7.8125,8.0,8,8,7.594749331474304e-05,5.824679648503661,70.06763978861272,17.88722186438099,0.0,0.0,0.0,70.06763978861272,0.0,954,8152,72.25660596601665,0.0003148987889289856,2.69699783436954,0.005046140402555466,16.1701701246202,91.16096753254533,5.7501718401908875e-05,0.3278475023072757,0.046432249326266245,1.4489869154193836e-05,348253,91.16096753254533,1910.0992970246305,,,,,,,
33,0.20335862040519714,0.0005273979913908988,-3.0767874761750136e-05,0.0,0.015346147236414254,0.28515625,0.3247468213699004,226.86913394927979,232.8515625,139.01866149902344,5e-06,33,1,0.984375,1.0,0.0,0.984375,1.0,0.0,-0.09732922911643982,0.35355237126350403,-2.4748666286468506,-0.09732922911643982,0.35355237126350403,-2.4748666286468506,1599.3828125,6947.0,422.0,0.0,1599.3828125,6947.0,422.0,0.0,0.0,1009.0625,1223.0,859.0,0.0,8,62,18.171875,0.0,1.0,7.875,8,7.875,8.0,8,8,4.784204065799713e-05,4.6799954660236835,63.79967415332794,16.677957892345148,0.0,0.0,0.0,63.79967415332794,0.0,1019,6947,66.01294581778347,0.0001827441155910492,2.5856026895344257,0.004315132275223732,15.606668831780553,84.28310666047037,3.989972174167633e-05,0.32245322081165817,0.0467432074055743,1.2924162426803958e-05,333881,84.28310666047037,1980.7112791002137,,,,,,,
34,0.21078699827194214,0.0007404320640489459,1.2096044656573213e-05,0.0,0.01082013885024935,0.306640625,0.31939191383889504,226.86913394927979,232.8515625,138.83631896972656,5e-06,34,1,0.9765625,1.0,0.0,0.9765625,1.0,0.0,-0.07043799757957458,0.5400605201721191,-2.4748666286468506,-0.07043799757957458,0.5400605201721191,-2.4748666286468506,1229.0703125,7227.0,195.0,0.0,1229.0703125,7227.0,195.0,0.0,0.0,906.3125,1116.0,779.0,0.0,6,62,15.0625,0.0,1.0,7.8125,8,7.8125,8.0,8,8,7.817894220352173e-05,2.0321366749703884,54.639913154765964,12.21550232890877,0.0,0.0,0.0,54.639913154765964,0.0,886,7227,56.86491878516972,0.00012689270079135895,2.2493537571281195,0.004639836028218269,13.023577965795994,72.17663200572133,4.7091394662857056e-05,0.3614579031735733,0.047647991855222074,1.6975278979611638e-05,273329,72.17663200572133,1893.4729454980222,,,,,,,
35,0.20904496312141418,0.0007119541696738452,6.956972754323942e-05,0.0,0.01362576405517757,0.2880859375,0.320779518695052,226.86913394927979,232.8515625,138.38974380493164,5e-06,35,1,0.9765625,1.0,0.0,0.9765625,1.0,0.0,-0.09173630177974701,0.5400605201721191,-2.4748666286468506,-0.09173630177974701,0.5400605201721191,-2.4748666286468506,1387.15625,7591.0,219.0,0.0,1387.15625,7591.0,219.0,0.0,0.0,953.625,1104.0,783.0,0.0,6,62,16.46875,0.0,1.0,7.8125,8,7.8125,8.0,8,8,7.252395153045654e-05,2.3873775023967028,63.279018281027675,14.004578926527756,0.0,0.0,0.0,63.279018281027675,0.0,964,7591,65.49577005021274,0.00012549199163913727,2.4322084952145815,0.003923607990145683,14.334072414785624,82.29620648361742,3.972649574279785e-05,0.368873876693622,0.047840839779672996,1.3095280655983189e-05,299620,82.29620648361742,1820.3755239899476,,,,,,,
36,0.26607078313827515,0.0007706721225986257,3.295570434147521e-05,1.2333254062468768e-06,0.006930709729203954,0.224609375,0.3294118034869027,226.86913394927979,232.8515625,139.14799118041992,5e-06,36,1,0.90625,1.0,0.0,0.90625,1.0,0.0,-0.043161790817976,1.6201815605163574,-1.6201815605163574,-0.043161790817976,1.6201815605163574,-1.6201815605163574,2154.015625,8192.0,193.0,0.0078125,2154.015625,8192.0,193.0,0.0078125,0.0,929.25,1120.0,779.0,0.0,6,62,22.4765625,0.0,1.0,7.25,8,7.25,8.0,8,8,3.4868717193603516e-05,1.9701161198318005,73.66985824890435,21.627570133307017,0.0,0.0,0.0,73.66985824890435,0.0,819,8192,75.87839124724269,0.0001333281397819519,3.089826775714755,0.003818083554506302,19.94573239609599,98.94400507211685,3.856979310512543e-05,0.2752068855670829,0.0505392831162576,9.674410640367868e-06,394658,98.94400507211685,1994.3502373506483,,,,,,,
37,0.24446021020412445,0.0012530352196336025,-7.048221425520751e-05,0.0,0.01005105982767418,0.2568359375,0.33216461518412294,226.86913394927979,232.8515625,139.42036819458008,5e-06,37,1,0.9453125,1.0,0.0,0.9453125,1.0,0.0,-0.09073172509670258,0.5400605201721191,-2.4748666286468506,-0.09073172509670258,0.5400605201721191,-2.4748666286468506,2675.328125,8029.0,261.0,0.0,2675.328125,8029.0,261.0,0.0,0.0,987.625,1194.0,781.0,0.0,6,62,28.203125,0.0,1.0,7.5625,8,7.5625,8.0,8,8,3.159418702125549e-05,2.763701105490327,74.4359189607203,27.824381167971296,0.0,0.0,0.0,74.4359189607203,0.0,819,8029,76.82324430346489,0.0002153553068637848,3.536169236525893,0.0039898548275232315,22.860577791929245,103.25337928161025,6.61071389913559e-05,0.22433943354922845,0.04875799877986351,8.509729657003254e-06,468858,103.25337928161025,2270.4244803516326,,,,,,,
38,0.19726821780204773,0.0002521922178857494,8.068779789027758e-05,0.0,0.0076897230464965105,0.171875,0.3230324553871303,226.86913394927979,232.8515625,139.33002090454102,5e-06,38,1,0.984375,1.0,0.0,0.984375,1.0,0.0,-0.04943438246846199,0.5400605201721191,-1.6201815605163574,-0.04943438246846199,0.5400605201721191,-1.6201815605163574,1424.0,6395.0,256.0,0.0,1424.0,6395.0,256.0,0.0,0.0,918.875,1121.0,786.0,0.0,6,62,15.90625,0.0,1.0,7.875,8,7.875,8.0,8,8,6.160885095596313e-05,2.7262061573565006,53.37574308179319,14.572042851839797,0.0,0.0,0.0,53.37574308179319,0.0,978,6395,55.62366138771176,0.00011772476136684418,2.3827359564602375,0.004055056720972061,14.079784587025642,72.11728313751519,3.961101174354553e-05,0.30516843721313075,0.04695014334360042,1.3521903914034776e-05,299888,72.11728313751519,2079.1687301098505,,,,,,,
39,0.2368878424167633,0.00095477335707983,9.034102913574316e-05,0.0,0.017953741538804024,0.2744140625,0.3305931136137171,226.86913394927979,232.8515625,138.9447250366211,5e-06,39,1,0.84375,1.0,0.0,0.84375,1.0,0.0,-0.14374013245105743,1.6201815605163574,-2.4748666286468506,-0.14374013245105743,1.6201815605163574,-2.4748666286468506,2228.28125,7377.0,262.0,0.0,2228.28125,7377.0,262.0,0.0,0.0,1003.1875,1255.0,783.0,0.0,6,62,23.984375,0.0625,0.9375,6.75,8,6.75,8.0,8,8,2.837926149368286e-05,2.889107970520854,66.99930772744119,22.356584056542488,0.0,0.0,0.0,66.99930772744119,0.0,1132,7377,69.24256325140595,0.00011988356709480286,3.1465270649641752,0.0038889311254024506,20.242010725662112,92.67369891889393,4.941597580909729e-05,0.24276896168363352,0.04893771873679275,9.402001618368318e-06,413628,92.67369891889393,2231.6364018339145,,,,,,,
40,0.21939589083194733,0.000590640920563601,7.96584513560461e-05,0.0,0.01754816243192181,0.291015625,0.3301789069922451,226.86913394927979,232.8515625,139.3577003479004,5e-06,40,1,0.9609375,1.0,0.0,0.9609375,1.0,0.0,-0.13036677241325378,0.7245674133300781,-2.4748666286468506,-0.13036677241325378,0.7245674133300781,-2.4748666286468506,1927.375,8192.0,479.0,0.0078125,1927.375,8192.0,479.0,0.0078125,0.0,963.75,1114.0,826.0,0.0,8,62,19.9140625,0.0,1.0,7.6875,8,7.6875,8.0,8,8,7.070600986480713e-05,5.356349708512425,73.90281105600297,19.733067987806862,0.0,0.0,0.0,73.90281105600297,0.0,986,8192,76.08745501562953,0.0001570526510477066,2.814608221873641,0.003775421530008316,17.585547311231494,96.53242507018149,3.7223100662231445e-05,0.30841597629397793,0.047520286521335484,1.0202077289356208e-05,370064,96.53242507018149,1916.7859904635889,,,,,,,
41,0.21513530611991882,0.0003296152572147548,-0.00017444231025365298,0.0,0.009866293054074049,0.2265625,0.31735352491248003,226.86913394927979,232.8515625,138.88653564453125,5e-06,41,1,0.9296875,1.0,0.0,0.9296875,1.0,0.0,-0.06178434193134308,0.35355237126350403,-2.4748666286468506,-0.06178434193134308,0.35355237126350403,-2.4748666286468506,1230.3984375,6898.0,217.0,0.0,1230.3984375,6898.0,217.0,0.0,0.0,919.5,1206.0,780.0,0.0,6,62,15.484375,0.0625,0.9375,7.4375,8,7.4375,8.0,8,8,3.4086406230926514e-05,2.264336770400405,58.424599297344685,12.035852936503943,0.0,0.0,0.0,58.424599297344685,0.0,1206,6898,60.57195865176618,0.00011323019862174988,2.2777594961225986,0.003916129469871521,13.31746088154614,76.19978104159236,3.740750253200531e-05,0.38460584193234015,0.04839422240711276,1.4230793859708203e-05,275187,76.19978104159236,1805.6941649858143,,,,,,,
42,0.2545696496963501,0.0005622996177407913,5.4032510433899006e-05,0.0,0.012161529601144139,0.1953125,0.3308147279310544,226.86913394927979,232.8515625,139.6419563293457,5e-06,42,1,0.8359375,1.0,0.0,0.8359375,1.0,0.0,-0.08369126915931702,1.6201815605163574,-1.6201815605163574,-0.08369126915931702,1.6201815605163574,-1.6201815605163574,2370.6796875,8192.0,230.0,0.0078125,2370.6796875,8192.0,230.0,0.0078125,0.0,987.875,1260.0,791.0,0.0,6,62,24.1953125,0.0625,0.9375,6.6875,8,6.6875,8.0,8,8,6.560049951076508e-05,2.4700053576380014,77.38126854412258,23.58008437260287,0.0,0.0,0.0,77.38126854412258,0.0,1132,8170,79.52742402814329,0.00011435337364673615,3.3411593679338694,0.0039039943367242813,21.75174737162888,104.65169632807374,3.736838698387146e-05,0.2620801129295834,0.050597814284020236,9.081274117457243e-06,429895,104.65169632807374,2053.9323063255347,,,,,,,
43,0.22159291803836823,0.000551971977984067,-9.312567067354394e-05,2.650937744874682e-06,0.007568725384771824,0.22607421875,0.3297642086753173,226.86913394927979,232.8515625,138.80858612060547,5e-06,43,1,0.9375,1.0,0.0,0.9375,1.0,0.0,-0.058601025491952896,1.20761239528656,-1.20761239528656,-0.058601025491952896,1.20761239528656,-1.20761239528656,1989.7421875,8192.0,229.0,0.015625,1989.7421875,8192.0,229.0,0.015625,0.0,927.125,1215.0,784.0,0.0,6,62,21.40625,0.0,1.0,7.5,8,7.5,8.0,8,8,6.796605885028839e-05,2.4908158387988806,75.6828749962151,20.038016660197172,0.0,0.0,0.0,75.6828749962151,0.0,1215,8192,77.90975274890661,0.00011639297008514404,2.8662140872329473,0.003998665139079094,18.17487708851695,99.01346840336919,3.690645098686218e-05,0.3059039242242698,0.048679359781114026,1.0709973883257386e-05,373359,99.01346840336919,1885.3950175696275,,,,,,,
44,0.22233709692955017,0.0005499434555531479,-5.9871846588066546e-05,0.0,0.013142867712303996,0.2421875,0.325997424520157,226.86913394927979,232.8515625,138.81935501098633,5e-06,44,1,0.984375,1.0,0.0,0.984375,1.0,0.0,-0.09662628173828125,0.35355237126350403,-2.4748666286468506,-0.09662628173828125,0.35355237126350403,-2.4748666286468506,1633.8359375,8192.0,216.0,0.015625,1633.8359375,8192.0,216.0,0.015625,0.0,926.25,1098.0,781.0,0.0,6,61,17.234375,0.0,1.0,7.875,8,7.875,8.0,8,8,3.0763447284698486e-05,2.3500439189374447,73.32164558395743,16.110360101767583,0.0,0.0,0.0,73.32164558395743,0.0,996,8192,75.45092706009746,0.00011481158435344696,2.5845842640846968,0.0039791930466890335,15.826143573969603,93.90075703151524,3.755837678909302e-05,0.3607830836179115,0.048295936031107364,1.2143125831008582e-05,327691,93.90075703151524,1744.8794363288223,,,,,,,
45,0.20293721556663513,0.00022411804093280807,1.2968974431259994e-05,0.0,0.01175765466177836,0.21728515625,0.310379558625804,226.86913394927979,232.8515625,138.85240173339844,5e-06,45,1,0.9296875,1.0,0.0,0.9296875,1.0,0.0,-0.07711711525917053,0.35355237126350403,-2.4748666286468506,-0.07711711525917053,0.35355237126350403,-2.4748666286468506,1467.453125,8192.0,414.0,0.0078125,1467.453125,8192.0,414.0,0.0078125,0.0,958.5625,1141.0,861.0,0.0,8,62,17.1171875,0.0625,0.9375,7.4375,8,7.4375,8.0,8,8,3.2979995012283325e-05,4.56039896607399,69.4715833067894,14.765008056972874,0.0,0.0,0.0,69.4715833067894,0.0,861,8192,71.62796867080033,0.00011891685426235199,2.4133241940289736,0.003802243620157242,15.34366961196065,89.41750736348331,3.7375837564468384e-05,0.3813365454113756,0.04941123115950359,1.2244368080885073e-05,310530,89.41750736348331,1736.4049231303864,,,,,,,
46,0.20061898231506348,0.0003674336949188728,-1.8694406804797836e-05,0.0,0.00384370208485052,0.20263671875,0.3228893725509982,226.86913394927979,232.8515625,139.25945281982422,5e-06,46,1,0.9921875,1.0,0.0,0.9921875,1.0,0.0,-0.027266379445791245,0.35355237126350403,-2.4748666286468506,-0.027266379445791245,0.35355237126350403,-2.4748666286468506,1163.71875,6401.0,201.0,0.0,1163.71875,6401.0,201.0,0.0,0.0,934.25,1212.0,783.0,0.0,6,62,13.703125,0.0,1.0,7.9375,8,7.9375,8.0,8,8,5.801953375339508e-05,2.0888959486037493,55.792708026245236,12.266962883004453,0.0,0.0,0.0,55.792708026245236,0.0,1011,6401,58.033341428264976,0.00013641268014907837,2.093632038682699,0.0038681477308273315,12.414603609591722,72.57485502026975,4.4519081711769104e-05,0.3896005627719929,0.04622999780141403,1.4404363338151976e-05,268540,72.57485502026975,1850.0898136482551,,,,,,,
47,0.22493185102939606,0.0007299851422430947,-1.7691378388917656e-06,0.0,0.02168521174462512,0.283203125,0.3226789599629052,226.86913394927979,232.8515625,138.94143676757812,5e-06,47,2,0.953125,1.0,0.0,0.953125,1.0,0.0,-0.14510010182857513,0.7245674133300781,-2.4748666286468506,-0.14510010182857513,0.7245674133300781,-2.4748666286468506,1737.1015625,8114.0,205.0,0.0,1737.1015625,8114.0,205.0,0.0,0.0,935.0,1194.0,806.0,0.0,6,62,18.078125,0.0,1.0,7.625,8,7.625,8.0,8,8,0.0001481231302022934,2.201704865321517,72.30421653017402,17.466097990967683,0.0,0.0,0.0,72.30421653017402,0.0,962,8114,74.65994395501912,0.0001550242304801941,2.717736590653658,0.004092814400792122,16.80705325677991,94.22338465601206,4.1658058762550354e-05,0.33577818634227774,0.04913926379570127,1.1966278885100743e-05,342029,94.22338465601206,1814.9899902697687,,,,,,,
48,0.22122439742088318,0.00028350244610919617,5.9490019751251566e-05,0.0,0.012203537335153669,0.181640625,0.32234035174874964,226.86913394927979,232.8515625,139.64566040039062,5e-06,48,2,0.96875,1.0,0.0,0.96875,1.0,0.0,-0.07847537845373154,0.935412585735321,-0.935412585735321,-0.07847537845373154,0.935412585735321,-0.935412585735321,1489.75,8192.0,212.0,0.0078125,1489.75,8192.0,212.0,0.0078125,0.0,900.8125,1089.0,779.0,0.0,6,62,17.4296875,0.0,1.0,7.75,8,7.75,8.0,8,8,3.607757389545441e-05,2.2743730507791042,71.52047909982502,15.34946390982077,0.0,0.0,0.0,71.52047909982502,0.0,819,8192,73.67899317853153,0.00010896660387516022,2.4316000025719404,0.0037677325308322906,14.571414506062865,90.71279507502913,3.730878233909607e-05,0.3863850540072345,0.04762024662756825,1.2313173320976661e-05,305992,90.71279507502913,1686.597793326245,,,,,,,
49,0.19933974742889404,0.00045053161011310294,8.149193854478654e-05,0.0,0.003539990750141442,0.2158203125,0.3275579663492172,226.86913394927979,232.8515625,139.24462509155273,5e-06,49,2,0.9765625,1.0,0.0,0.9765625,1.0,0.0,-0.024037843570113182,0.7245674133300781,-1.20761239528656,-0.024037843570113182,0.7245674133300781,-1.20761239528656,1478.671875,7828.0,245.0,0.0,1478.671875,7828.0,245.0,0.0,0.0,984.9375,1223.0,785.0,0.0,6,62,16.84375,0.0,1.0,7.8125,8,7.8125,8.0,8,8,3.287754952907562e-05,2.6142116226255894,65.69266204722226,14.765146287274547,0.0,0.0,0.0,65.69266204722226,0.0,954,7672,67.857308158651,0.00010246410965919495,2.455338152125478,0.0037229638546705246,14.940317476168275,85.28855337388813,4.163011908531189e-05,0.3585212033531516,0.04737814016581449,1.1806114804467926e-05,315342,85.28855337388813,1848.6771525928168,,,,,,,
50,0.21498169004917145,0.0007427887339872541,4.359468130132882e-05,0.0,0.019658341945614666,0.2958984375,0.3258886377898542,226.86913394927979,232.8515625,138.7512435913086,5e-06,50,2,0.9765625,1.0,0.0,0.9765625,1.0,0.0,-0.14918695390224457,0.35355237126350403,-2.4748666286468506,-0.14918695390224457,0.35355237126350403,-2.4748666286468506,1669.9921875,7728.0,300.0,0.0,1669.9921875,7728.0,300.0,0.0,0.0,965.625,1116.0,784.0,0.0,6,62,17.71875,0.0,1.0,7.8125,8,7.8125,8.0,8,8,3.29725444316864e-05,3.1358007322996855,68.33185031451285,16.975997435103636,0.0,0.0,0.0,68.33185031451285,0.0,1109,7728,70.5673290155828,0.00011295080184936523,2.5560239385813475,0.003790350630879402,16.161796482279897,89.31880705058575,3.904104232788086e-05,0.3301256509226877,0.04790681879623753,1.1235362420683611e-05,337359,89.31880705058575,1888.510444440534,,,,,,,
51,0.21838659048080444,0.0006513719126814976,2.695740613489761e-05,0.0,0.013268094626255333,0.2314453125,0.32890404315429944,226.86913394927979,232.8515625,139.12011337280273,5e-06,51,2,0.9453125,1.0,0.0,0.9453125,1.0,0.0,-0.07833553850650787,0.935412585735321,-1.20761239528656,-0.07833553850650787,0.935412585735321,-1.20761239528656,1812.515625,8192.0,215.0,0.0078125,1812.515625,8192.0,215.0,0.0078125,0.0,992.4375,1215.0,781.0,0.0,6,62,19.8046875,0.0,1.0,7.5625,8,7.5625,8.0,8,8,5.568750202655792e-05,2.313845921307802,74.64673521369696,18.86033590513398,0.0,0.0,0.0,74.64673521369696,0.0,1215,8192,76.95500330626965,0.00011275708675384521,2.7372203953564167,0.0037603341042995453,17.213079176843166,96.93907969072461,3.985315561294556e-05,0.33169974097753313,0.04794275521773193,1.047347634012251e-05,359034,96.93907969072461,1851.8537680854079,,,,,,,
52,0.20176811516284943,0.0,3.22947557833686e-05,0.0,0.0,0.0,0.3253108919337295,226.86913394927979,232.8515625,139.3779525756836,5e-06,52,2,0.9375,1.0,0.0,0.9375,1.0,0.0,0.0,0.0,0.0,0.0,0.0,0.0,1322.625,7160.0,218.0,0.0,1322.625,7160.0,218.0,0.0,0.0,947.0625,1090.0,780.0,0.0,6,62,16.078125,0.0625,0.9375,7.5,8,7.5,8.0,8,8,6.45667314529419e-05,2.407590987160802,63.17396708019078,13.83175955300976,0.0,0.0,0.0,63.17396708019078,0.0,1086,7160,65.58229861967266,0.0001345071941614151,2.2557605765759945,0.003986356779932976,13.637408731505275,81.51046838238835,4.070252180099487e-05,0.3873824462460581,0.04694137660575959,1.372145387557819e-05,290520,81.51046838238835,1782.1023836907034,,,,,,,
53,0.21644505858421326,0.000953801252762787,5.7274474329460645e-05,0.0,0.009584744984749705,0.2705078125,0.32794839692488353,226.86913394927979,232.8515625,139.51209259033203,5e-06,53,2,0.9375,1.0,0.0,0.9375,1.0,0.0,-0.06649398803710938,1.20761239528656,-2.4748666286468506,-0.06649398803710938,1.20761239528656,-2.4748666286468506,1785.5234375,8192.0,224.0,0.015625,1785.5234375,8192.0,224.0,0.015625,0.0,918.75,1260.0,783.0,0.0,6,62,19.484375,0.0,1.0,7.5,8,7.5,8.0,8,8,3.400444984436035e-05,2.4493962563574314,78.64302387647331,18.190155462521943,0.0,0.0,0.0,78.64302387647331,0.0,995,8192,80.92438011616468,0.00012387149035930634,2.6857950128614902,0.003837544471025467,16.96105278097093,100.60520465113223,3.581121563911438e-05,0.3540820055225607,0.048999566025332966,1.1086458848481907e-05,346147,100.60520465113223,1720.3235220301517,,,,,,,
54,0.20082415640354156,0.00024992882390506566,5.6525792501815886e-05,0.0,0.005275879782857373,0.19384765625,0.32306295631274,226.86913394927979,232.8515625,138.94417190551758,5e-06,54,2,0.9921875,1.0,0.0,0.9921875,1.0,0.0,-0.03659061715006828,0.35355237126350403,-2.4748666286468506,-0.03659061715006828,0.35355237126350403,-2.4748666286468506,1439.2109375,6027.0,231.0,0.0,1439.2109375,6027.0,231.0,0.0,0.0,945.25,1090.0,781.0,0.0,6,62,17.484375,0.0,1.0,7.9375,8,7.9375,8.0,8,8,5.420111119747162e-05,2.5986905060708523,54.142076414078474,15.239703459505108,0.0,0.0,0.0,54.142076414078474,0.0,1005,6027,56.480931701138616,0.00010857731103897095,2.368897734209895,0.0037797074764966965,14.33563332259655,73.2182006277144,3.703683614730835e-05,0.3065966686451377,0.046969582756180316,1.2383916295601065e-05,305211,73.2182006277144,2084.256355546603,,,,,,,
55,0.2523629665374756,0.00039326641126535833,-4.451540462468984e-06,0.0,0.0074433902045711875,0.1650390625,0.33886487759630457,226.86913394927979,232.8515625,139.21307373046875,5e-06,55,2,0.7890625,1.0,0.0,0.7890625,1.0,0.0,-0.05170750617980957,0.5400605201721191,-2.4748666286468506,-0.05170750617980957,0.5400605201721191,-2.4748666286468506,2331.5703125,8192.0,239.0,0.0078125,2331.5703125,8192.0,239.0,0.0078125,0.0,971.9375,1206.0,784.0,0.0,6,62,24.3515625,0.1875,0.8125,6.3125,8,6.3125,8.0,8,8,3.0759721994400024e-05,2.5790238808840513,82.44658606499434,24.33161047755857,0.0,0.0,0.0,82.44658606499434,0.0,1076,8192,84.8386668805033,0.00013099797070026398,3.220649277791381,0.0037586279213428497,20.624651661142707,108.71467061154544,4.598498344421387e-05,0.2842728273947055,0.048775453320553455,8.88881828109526e-06,422849,108.71467061154544,1944.7651251729665,,,,,,,
56,0.1948571801185608,0.0,-9.325442209728863e-05,0.0,0.0,0.0,0.3322870626622727,226.86913394927979,232.8515625,139.46323776245117,5e-06,56,2,1.0,1.0,1.0,1.0,1.0,1.0,0.0,0.0,0.0,0.0,0.0,0.0,1570.9296875,6007.0,309.0,0.0,1570.9296875,6007.0,309.0,0.0,0.0,932.8125,1104.0,817.0,0.0,6,62,18.578125,0.0,1.0,8.0,8,8.0,8.0,8,8,3.227218985557556e-05,3.5561542585492134,55.21349127218127,16.70973265063367,0.0,0.0,0.0,55.21349127218127,0.0,977,6007,57.43125873617828,0.00011469796299934387,2.464048460125923,0.003972427919507027,14.699621967971325,74.62555795907974,3.665313124656677e-05,0.2856153986054152,0.04586766049560603,1.2395283059130323e-05,320479,74.62555795907974,2147.2469269558546,,,,,,,
57,0.1780685931444168,0.0,-0.00010013339527858989,0.0,0.0,0.0,0.32701861395567455,226.86913394927979,232.8515625,139.51841735839844,5e-06,57,2,1.0,1.0,1.0,1.0,1.0,1.0,0.0,0.0,0.0,0.0,0.0,0.0,1287.53125,4634.0,202.0,0.0,1287.53125,4634.0,202.0,0.0,0.0,893.9375,1099.0,783.0,0.0,6,54,16.453125,0.0,1.0,8.0,8,8.0,8.0,8,8,5.650147795677185e-05,2.162166064605117,41.940604008734226,13.55268834454182,0.0,0.0,0.0,41.940604008734226,0.0,860,4634,44.121220000088215,0.00011803023517131805,2.257099974900484,0.003669915720820427,12.678624168038368,59.08997879177332,3.9014965295791626e-05,0.2677193514725869,0.045405991405010844,1.3143079207029478e-05,279228,59.08997879177332,2362.7356593236327,,,,,,,
58,0.21345014870166779,0.0005616325797745958,1.9708615809577168e-05,0.0,0.012117214704630896,0.21240234375,0.32835488733333495,226.86913394927979,232.8515625,139.44440841674805,5e-06,58,2,0.9609375,1.0,0.0,0.9609375,1.0,0.0,-0.07611952722072601,0.935412585735321,-2.4748666286468506,-0.07611952722072601,0.935412585735321,-2.4748666286468506,1734.078125,7788.0,330.0,0.0,1734.078125,7788.0,330.0,0.0,0.0,978.8125,1121.0,819.0,0.0,6,62,18.453125,0.0,1.0,7.6875,8,7.6875,8.0,8,8,3.314390778541565e-05,3.7995891980826855,66.67398209869862,18.416366546531208,0.0,0.0,0.0,66.67398209869862,0.0,995,7788,68.86749306321144,0.00010529346764087677,2.638871593400836,0.0036735273897647858,16.271419808268547,87.8074986282736,3.8798898458480835e-05,0.3102670414900363,0.04685794041258041,1.0578912569517021e-05,347250,87.8074986282736,1977.3368187497094,,,,,,,
59,0.20917879045009613,0.0005923870776314288,3.3825557238742476e-05,0.0,0.012891018413938582,0.21435546875,0.3342139493077637,226.86913394927979,232.8515625,139.75986099243164,5e-06,59,2,0.9140625,1.0,0.0,0.9140625,1.0,0.0,-0.10198576003313065,0.35355237126350403,-2.4748666286468506,-0.10198576003313065,0.35355237126350403,-2.4748666286468506,2106.265625,7299.0,225.0,0.0,2106.265625,7299.0,225.0,0.0,0.0,1022.875,1255.0,787.0,0.0,6,62,22.28125,0.0625,0.9375,7.3125,8,7.3125,8.0,8,8,5.4463744163513184e-05,2.4440457448363304,64.52769264020026,22.00677169310802,0.0,0.0,0.0,64.52769264020026,0.0,1255,6931,66.78286829963326,0.00010639801621437073,2.9924674164503813,0.003700820729136467,18.970399346202612,88.77506306022406,3.794953227043152e-05,0.247709098224914,0.04736324206976409,9.239809075815712e-06,400530,88.77506306022406,2255.8699830395203,,,,,,,
60,0.19951879978179932,0.0004811095477634808,4.463453342395951e-05,0.0,0.012731701688608155,0.24560546875,0.32965035477817495,226.86913394927979,232.8515625,139.6607437133789,5e-06,60,2,0.984375,1.0,0.0,0.984375,1.0,0.0,-0.09425492584705353,0.35355237126350403,-2.4748666286468506,-0.09425492584705353,0.35355237126350403,-2.4748666286468506,1645.7109375,7429.0,216.0,0.0,1645.7109375,7429.0,216.0,0.0,0.0,952.3125,1107.0,785.0,0.0,6,62,18.25,0.0,1.0,7.875,8,7.875,8.0,8,8,5.5167824029922485e-05,2.378410240635276,64.73775842785835,17.402108787631732,0.0,0.0,0.0,64.73775842785835,0.0,867,7429,66.98667920008302,0.00011494755744934082,2.5150853767991066,0.003696151077747345,15.356763558462262,84.88821134530008,4.084967076778412e-05,0.31799839165293786,0.04617922747299558,1.111467274625044e-05,332547,84.88821134530008,1958.7348745475233,,,,,,,
61,0.184009850025177,0.0,-5.5787580777177936e-05,0.0,0.0,0.0,0.329633960478564,226.86913394927979,232.8515625,139.2598533630371,5e-06,61,2,1.0,1.0,1.0,1.0,1.0,1.0,0.0,0.0,0.0,0.0,0.0,0.0,1405.3515625,6137.0,380.0,0.0,1405.3515625,6137.0,380.0,0.0,0.0,1007.8125,1101.0,784.0,0.0,6,60,17.25,0.0,1.0,8.0,8,8.0,8.0,8,8,3.188289701938629e-05,4.169622365385294,52.1065540201962,14.984019652052666,0.0,0.0,0.0,52.1065540201962,0.0,989,6137,54.224935702979565,0.00011834688484668732,2.393149469047785,0.003934727981686592,14.003068966791034,70.66215517371893,3.6034733057022095e-05,0.301442230886286,0.04533424726610562,1.2738488374918149e-05,308885,70.66215517371893,2185.6466112632966,,,,,,,
62,0.20715169608592987,0.0004426059313118458,-1.4190027286531404e-06,2.4831147129589226e-06,0.005636218353174627,0.22802734375,0.3219761569467136,226.86913394927979,232.8515625,139.67034912109375,5e-06,62,2,0.953125,1.0,0.0,0.953125,1.0,0.0,-0.03686075285077095,1.6201815605163574,-0.5400605201721191,-0.03686075285077095,1.6201815605163574,-0.5400605201721191,1178.765625,8192.0,200.0,0.0078125,1178.765625,8192.0,200.0,0.0078125,0.0,886.5,1071.0,779.0,0.0,6,62,13.7578125,0.0,1.0,7.625,8,7.625,8.0,8,8,7.416680455207825e-05,2.150970444083214,73.01835044287145,11.943374646289158,0.0,0.0,0.0,73.01835044287145,0.0,971,8192,75.24573527649045,0.00010772235691547394,2.1302581541240215,0.0037755202502012253,12.5610148049891,89.97132122330368,3.6621466279029846e-05,0.49870584480912533,0.047515887049142815,1.4282062122007706e-05,264354,89.97132122330368,1469.1014670324141,,,,,,,
63,0.2054503858089447,0.0004637381643988192,-1.639882793824654e-05,0.0,0.014452248346060514,0.21435546875,0.32899155500909827,226.86913394927979,232.8515625,139.62833404541016,5e-06,63,2,0.9375,1.0,0.0,0.9375,1.0,0.0,-0.08979404717683792,1.6201815605163574,-1.6201815605163574,-0.08979404717683792,1.6201815605163574,-1.6201815605163574,1689.0859375,7548.0,219.0,0.0,1689.0859375,7548.0,219.0,0.0,0.0,923.0625,1072.0,781.0,0.0,6,62,19.28125,0.0,1.0,7.5,8,7.5,8.0,8,8,2.867169678211212e-05,2.414251146838069,66.06576703116298,17.506842413757113,0.0,0.0,0.0,66.06576703116298,0.0,1039,7548,68.26882710680366,0.00010894797742366791,2.5934888385236263,0.0037835687398910522,15.76599358767271,86.65793323889375,3.999657928943634e-05,0.31576262635950314,0.04715345542214924,1.1316022610372365e-05,334355,86.65793323889375,1929.1655564774942,,,,,,,
64,0.21084439754486084,0.0004540915979305282,7.850414650079074e-05,1.4423853826883715e-06,0.02175491477828473,0.24951171875,0.33129554855816545,226.86913394927979,232.8515625,139.63755416870117,5e-06,64,2,0.96875,1.0,0.0,0.96875,1.0,0.0,-0.13249392807483673,0.5400605201721191,-1.6201815605163574,-0.13249392807483673,0.5400605201721191,-1.6201815605163574,1912.0078125,8192.0,313.0,0.0234375,1912.0078125,8192.0,313.0,0.0234375,0.0,957.0,1093.0,788.0,0.0,6,62,18.6953125,0.0,1.0,7.75,8,7.75,8.0,8,8,3.217719495296478e-05,3.42363522015512,77.48637438379228,20.166144372575218,0.0,0.0,0.0,77.48637438379228,0.0,954,8192,79.70784489251673,0.00011531077325344086,2.7840549405664206,0.003774784505367279,17.38477835431695,99.91224247403443,3.9774924516677856e-05,0.325687758256891,0.047339913227615577,1.0278990464820098e-05,367233,99.91224247403443,1837.7777883197741,,,,,,,
65,0.24977664649486542,0.0008452492984361015,1.64760357108662e-05,0.0,0.009260059305233881,0.24658203125,0.3360693232885884,226.86913394927979,232.8515625,139.31786346435547,5e-06,65,2,0.8203125,1.0,0.0,0.8203125,1.0,0.0,-0.06225980818271637,1.20761239528656,-2.4748666286468506,-0.06225980818271637,1.20761239528656,-2.4748666286468506,2551.984375,8192.0,279.0,0.0234375,2551.984375,8192.0,279.0,0.0234375,0.0,1001.375,1357.0,784.0,0.0,6,62,25.8203125,0.0625,0.9375,6.5625,8,6.5625,8.0,8,8,2.9034912586212158e-05,2.9991447683423758,81.15269377827644,26.136612403861363,0.0,0.0,0.0,81.15269377827644,0.0,1048,7930,83.33572990447283,0.00011643208563327789,3.449487103149295,0.0037199128419160843,22.700087927281857,109.51898841746151,3.63718718290329e-05,0.2551192696384334,0.04990895043704649,8.178688393281191e-06,454830,109.51898841746151,2076.489230645061,,,,,,,
66,0.20799605548381805,0.00027575227613851894,3.5970779208582826e-05,0.0,0.008002444461453706,0.158203125,0.33276525123915845,226.86913394927979,232.8515625,139.57015991210938,5e-06,66,2,0.96875,1.0,0.0,0.96875,1.0,0.0,-0.04995351657271385,0.935412585735321,-0.935412585735321,-0.04995351657271385,0.935412585735321,-0.935412585735321,1794.4296875,8192.0,252.0,0.0078125,1794.4296875,8192.0,252.0,0.0078125,0.0,948.4375,1204.0,784.0,0.0,6,62,18.4140625,0.0,1.0,7.75,8,7.75,8.0,8,8,5.1023438572883606e-05,2.6962005589157343,75.68980505503714,18.788025536981877,0.0,0.0,0.0,75.68980505503714,0.0,886,8192,77.89779597893357,0.00018465891480445862,2.6585772279649973,0.003938784822821617,16.428660087287426,97.01601851731539,3.878585994243622e-05,0.3391476051275587,0.04679370095528295,1.121882844657198e-05,351087,97.01601851731539,1809.4279963537058,,,,,,,
67,0.18576708436012268,0.0002015262780332705,4.5615111957886256e-05,0.0,0.014790233224630356,0.23046875,0.3158360159731869,226.86913394927979,232.8515625,139.75702285766602,5e-06,67,2,0.9921875,1.0,0.0,0.9921875,1.0,0.0,-0.10121209174394608,0.35355237126350403,-2.4748666286468506,-0.10121209174394608,0.35355237126350403,-2.4748666286468506,1261.8515625,8169.0,319.0,0.0,1261.8515625,8169.0,319.0,0.0,0.0,955.9375,1087.0,786.0,0.0,6,62,15.125,0.0,1.0,7.9375,8,7.9375,8.0,8,8,5.935691297054291e-05,3.5405648183077574,66.43610393442214,13.950332364591304,0.0,0.0,0.0,66.43610393442214,0.0,1070,8169,68.82904160767794,0.00010931305587291718,2.2217409070581198,0.004930000752210617,13.351665740832686,84.434436513111,4.041939973831177e-05,0.4261411591824881,0.047033277584421024,1.7366679062448233e-05,283877,84.434436513111,1681.0498874823397,,,,,,,
68,0.21709145605564117,0.0006264453586481977,-7.46523903671914e-06,0.0,0.011893530376255512,0.23828125,0.33235734201752654,226.86913394927979,232.8515625,140.45214462280273,5e-06,68,2,0.953125,1.0,0.0,0.953125,1.0,0.0,-0.0805780366063118,1.20761239528656,-2.4748666286468506,-0.0805780366063118,1.20761239528656,-2.4748666286468506,1872.21875,8192.0,327.0,0.015625,1872.21875,8192.0,327.0,0.015625,0.0,981.875,1154.0,826.0,0.0,6,62,19.109375,0.0,1.0,7.625,8,7.625,8.0,8,8,5.593709647655487e-05,3.563099194318056,75.9703270662576,19.848656671703793,0.0,0.0,0.0,75.9703270662576,0.0,1154,8192,78.30731751956046,0.00010162778198719025,2.757905611768365,0.005018703639507294,17.14611359499395,98.24228317849338,4.0469691157341003e-05,0.32676519136536053,0.04693399173061159,1.3737678442991135e-05,365324,98.24228317849338,1859.3012508486497,,,,,,,
69,0.22495552897453308,0.0010686203750083223,5.324977109921747e-06,0.0,0.012898940010927618,0.265625,0.3286553170224218,226.86913394927979,232.8515625,140.06968307495117,5e-06,69,2,0.9296875,1.0,0.0,0.9296875,1.0,0.0,-0.09111340343952179,1.20761239528656,-1.6201815605163574,-0.09111340343952179,1.20761239528656,-1.6201815605163574,1787.9921875,8192.0,218.0,0.015625,1787.9921875,8192.0,218.0,0.015625,0.0,922.5625,1132.0,783.0,0.0,6,62,18.46875,0.0,1.0,7.4375,8,7.4375,8.0,8,8,3.095902502536774e-05,2.324829176068306,77.67715932242572,17.655321700207423,0.0,0.0,0.0,77.67715932242572,0.0,867,8192,79.99718225188553,9.04817134141922e-05,2.678879017010331,0.004984261468052864,17.030639672651887,99.84630170278251,3.786012530326843e-05,0.34954178810854325,0.04908658477033324,1.4365894515516208e-05,346951,99.84630170278251,1737.4253932448416,,,,,,,
70,0.1886855959892273,0.0,-8.003532923339662e-05,0.0,0.0,0.0,0.3289157075147873,226.86913394927979,232.8515625,139.60609436035156,5e-06,70,3,1.0,1.0,1.0,1.0,1.0,1.0,0.0,0.0,0.0,0.0,0.0,0.0,1310.5859375,6171.0,223.0,0.0,1310.5859375,6171.0,223.0,0.0,0.0,965.875,1223.0,784.0,0.0,6,48,13.546875,0.0,1.0,8.0,8,8.0,8.0,8,8,0.0001461319625377655,2.38393097743392,55.3845957685262,13.813994466574513,0.0,0.0,0.0,55.3845957685262,0.0,1204,6171,57.739119401201606,0.00015220046043395996,2.2710297033190727,0.004148077219724655,13.362255081534386,73.41270811855793,3.9637088775634766e-05,0.3441871741599452,0.045857416705393124,1.4235628973580342e-05,291387,73.41270811855793,1984.5814673491152,,,,,,,
71,0.2140040248632431,0.00041291917295893654,-7.029467701613612e-05,0.0,0.006949657923541963,0.21240234375,0.3278432870986909,226.86913394927979,232.8515625,139.75202560424805,5e-06,71,3,0.9765625,1.0,0.0,0.9765625,1.0,0.0,-0.04749538004398346,0.7245674133300781,-1.20761239528656,-0.04749538004398346,0.7245674133300781,-1.20761239528656,1493.6171875,8136.0,208.0,0.0,1493.6171875,8136.0,208.0,0.0,0.0,918.375,1101.0,781.0,0.0,6,62,16.46875,0.0,1.0,7.8125,8,7.8125,8.0,8,8,3.425218164920807e-05,2.2948570363223553,72.23094480670989,15.704262175568147,0.0,0.0,0.0,72.23094480670989,0.0,995,8136,74.59408845566213,0.0001160651445388794,2.4214383978396654,0.004053900018334389,14.494945419952273,91.55474633909762,4.067644476890564e-05,0.39017113684617427,0.046949472589606855,1.3130678472911684e-05,308735,91.55474633909762,1686.0676936208033,,,,,,,
72,0.22275641560554504,0.0006815902233938687,4.699158500898193e-05,0.0,0.01143347262404859,0.25634765625,0.32994394462256804,226.86913394927979,232.8515625,139.25619506835938,5e-06,72,3,0.9140625,1.0,0.0,0.9140625,1.0,0.0,-0.07912001758813858,0.5400605201721191,-2.4748666286468506,-0.07912001758813858,0.5400605201721191,-2.4748666286468506,1569.4296875,8192.0,229.0,0.0078125,1569.4296875,8192.0,229.0,0.0078125,0.0,925.75,1076.0,780.0,0.0,6,62,17.5703125,0.0625,0.9375,7.3125,8,7.3125,8.0,8,8,3.5647302865982056e-05,2.488242857158184,75.74188766255975,15.302061981681618,0.0,0.0,0.0,75.74188766255975,0.0,1019,8192,77.98037482611835,0.00011713802814483643,2.5376490652561188,0.0038234516978263855,15.55840958468616,96.1126919053495,4.12575900554657e-05,0.38818029452437613,0.04871395654961648,1.1971368851273817e-05,319383,96.1126919053495,1661.502730120826,,,,,,,
73,0.2111424058675766,0.0008796464971965179,5.9282194342813455e-05,0.0,0.015087228908669204,0.2724609375,0.3290625820255204,226.86913394927979,232.8515625,139.5367317199707,5e-06,73,3,0.953125,1.0,0.0,0.953125,1.0,0.0,-0.0896235778927803,0.7245674133300781,-2.4748666286468506,-0.0896235778927803,0.7245674133300781,-2.4748666286468506,2053.6171875,8191.0,356.0,0.0,2053.6171875,8191.0,356.0,0.0,0.0,998.875,1215.0,786.0,0.0,8,62,21.71875,0.0,1.0,7.625,8,7.625,8.0,8,8,3.501959145069122e-05,3.9218386858701706,74.13730881549418,21.402312557343976,0.0,0.0,0.0,74.13730881549418,0.0,1215,8191,76.53917723894119,9.9988654255867e-05,2.9615485053509474,0.003783244639635086,18.78726027160883,98.3181113731116,3.727152943611145e-05,0.29117516439720004,0.04808381540597931,9.682776214197635e-06,390719,98.3181113731116,1987.0143686814922,,,,,,,
74,0.20863108336925507,0.00040342501324630575,-5.1870094210926254e-05,0.0,0.018226097658043727,0.2412109375,0.3329668486244224,226.86913394927979,232.8515625,139.5794563293457,5e-06,74,3,0.9140625,1.0,0.0,0.9140625,1.0,0.0,-0.1263953596353531,0.5400605201721191,-2.4748666286468506,-0.1263953596353531,0.5400605201721191,-2.4748666286468506,1795.3671875,8192.0,274.0,0.015625,1795.3671875,8192.0,274.0,0.015625,0.0,952.125,1197.0,788.0,0.0,6,62,19.625,0.0625,0.9375,7.3125,8,7.3125,8.0,8,8,3.209523856639862e-05,3.200966328382492,75.19967668876052,18.855903841962572,0.0,0.0,0.0,75.19967668876052,0.0,954,8192,77.52772937342525,0.00010635331273078918,2.7087439224123955,0.003800375387072563,16.637500593438745,96.90452968329191,4.2168423533439636e-05,0.337360173421285,0.047308769057688244,1.0806375663808652e-05,351679,96.90452968329191,1814.564299261213,,,,,,,
75,0.20260271430015564,0.0004605492067639716,0.00010659088707143383,0.0,0.003951730206608772,0.189453125,0.33041224330274843,226.86913394927979,232.8515625,139.13351821899414,5e-06,75,3,0.984375,1.0,0.0,0.984375,1.0,0.0,-0.023752454668283463,0.5400605201721191,-1.6201815605163574,-0.023752454668283463,0.5400605201721191,-1.6201815605163574,1517.453125,6454.0,243.0,0.0,1517.453125,6454.0,243.0,0.0,0.0,964.0625,1154.0,812.0,0.0,6,62,17.25,0.0,1.0,7.875,8,7.875,8.0,8,8,3.534369170665741e-05,2.694599214941263,58.40700867027044,15.85954845410015,0.0,0.0,0.0,58.40700867027044,0.0,1154,6454,60.67237457074225,0.00012896396219730377,2.470965288579464,0.0038191918283700943,14.68859138712287,77.86665071174502,4.279240965843201e-05,0.31236742573773,0.04624376290675076,1.2023875996807944e-05,317634,77.86665071174502,2039.602301477246,,,,,,,
76,0.19406168162822723,0.0004855744136875728,3.200283168069973e-05,0.0,0.020686095347627997,0.3193359375,0.3258796841667897,226.86913394927979,232.8515625,139.25469207763672,5e-06,76,3,0.9765625,1.0,0.0,0.9765625,1.0,0.0,-0.12544403970241547,0.5400605201721191,-2.4748666286468506,-0.12544403970241547,0.5400605201721191,-2.4748666286468506,1483.421875,7317.0,282.0,0.0,1483.421875,7317.0,282.0,0.0,0.0,952.5,1101.0,787.0,0.0,6,62,17.859375,0.0,1.0,7.8125,8,7.8125,8.0,8,8,3.277696669101715e-05,3.1299181021749973,63.91666609607637,15.712269987474428,0.0,0.0,0.0,63.91666609607637,0.0,1086,7317,66.17844192311168,9.3778595328331e-05,2.3883399479091167,0.003823433071374893,14.52936515584588,83.12694683670998,3.957189619541168e-05,0.34853138290434743,0.04659864770090212,1.2262532381140653e-05,311798,83.12694683670998,1875.4327679836415,,,,,,,
77,0.17010976374149323,0.0,4.73434511150117e-06,0.0,0.0,0.0,0.32452159907678396,226.86913394927979,232.8515625,139.1794548034668,5e-06,77,3,1.0,1.0,1.0,1.0,1.0,1.0,0.0,0.0,0.0,0.0,0.0,0.0,1147.9609375,4266.0,238.0,0.0,1147.9609375,4266.0,238.0,0.0,0.0,899.4375,1093.0,787.0,0.0,6,36,14.046875,0.0,1.0,8.0,8,8.0,8.0,8,8,5.529634654521942e-05,2.610415307804942,37.89846365340054,12.288329648959916,0.0,0.0,0.0,37.89846365340054,0.0,840,4266,40.074350198730826,0.00010263919830322266,2.0534885358065367,0.004080615937709808,11.8542869836092,54.01792409084737,3.8905069231987e-05,0.2727277999627793,0.04523380274360831,1.5570888122922032e-05,262067,54.01792409084737,2425.7411258460766,,,,,,,
78,0.1857386827468872,0.0,-4.085357534222567e-05,0.0,0.0,0.0,0.3271202804369764,226.86913394927979,232.8515625,139.38865661621094,5e-06,78,3,1.0,1.0,1.0,1.0,1.0,1.0,0.0,0.0,0.0,0.0,0.0,0.0,1239.53125,4016.0,227.0,0.0,1239.53125,4016.0,227.0,0.0,0.0,965.375,1088.0,783.0,0.0,6,34,15.21875,0.0,1.0,8.0,8,8.0,8.0,8,8,3.234855830669403e-05,2.4533955678343773,36.102841606363654,13.389032849430805,0.0,0.0,0.0,36.102841606363654,0.0,963,4016,38.32894225977361,9.096227586269379e-05,2.1718389242887497,0.004029955714941025,12.728694604709744,53.260771283879876,3.826059401035309e-05,0.24157911420505238,0.04510075047376499,1.427907831590425e-05,282228,53.260771283879876,2649.4922359997845,,,,,,,
79,0.19771070778369904,0.0003328992097522132,-2.481350657035364e-05,0.0,0.006263894087169319,0.1826171875,0.33472855075972596,226.86913394927979,232.8515625,139.7916259765625,5e-06,79,3,0.9296875,1.0,0.0,0.9296875,1.0,0.0,-0.03967974707484245,0.35355237126350403,-2.4748666286468506,-0.03967974707484245,0.35355237126350403,-2.4748666286468506,1769.484375,7200.0,238.0,0.0,1769.484375,7200.0,238.0,0.0,0.0,981.875,1255.0,819.0,0.0,6,62,19.390625,0.0625,0.9375,7.4375,8,7.4375,8.0,8,8,2.732500433921814e-05,2.5874130707234144,65.28466665744781,18.405226056449465,0.0,0.0,0.0,65.28466665744781,0.0,954,7200,67.58739711157978,8.80751758813858e-05,2.6547454968094826,0.0038160961121320724,16.30354579538107,86.57520004920661,3.8934871554374695e-05,0.29840700906681755,0.046294007494536986,1.0835825791035318e-05,352174,86.57520004920661,2033.9196432687156,,,,,,,
80,0.220815047621727,0.0005075694862171076,7.652086424059235e-06,3.73560442312737e-06,0.006456381932366639,0.19580078125,0.32992827732774643,226.86913394927979,232.8515625,140.2604217529297,5e-06,80,3,0.9140625,1.0,0.0,0.9140625,1.0,0.0,-0.042889565229415894,1.6201815605163574,-0.7245674133300781,-0.042889565229415894,1.6201815605163574,-0.7245674133300781,2121.9140625,8192.0,221.0,0.0078125,2121.9140625,8192.0,221.0,0.0078125,0.0,977.625,1260.0,779.0,0.0,6,62,22.4609375,0.0,1.0,7.3125,8,7.3125,8.0,8,8,3.070756793022156e-05,2.3800499737262726,77.54796982556581,21.856302029656945,0.0,0.0,0.0,77.54796982556581,0.0,1120,8192,79.81810969486833,0.00018014758825302124,3.0786948818713427,0.0038837436586618423,19.397662475705147,102.33694599941373,6.944127380847931e-05,0.2938757007229923,0.04889250789735658,9.789115969012133e-06,396741,102.33694599941373,1938.405509982059,,,,,,,
81,0.18535932898521423,0.0004525200347416103,-4.294171537821967e-05,0.0,0.0030833451310172677,0.23193359375,0.32781986217202674,226.86913394927979,232.8515625,139.07756423950195,5e-06,81,3,0.9765625,1.0,0.0,0.9765625,1.0,0.0,-0.021975552663207054,0.7245674133300781,-1.20761239528656,-0.021975552663207054,0.7245674133300781,-1.20761239528656,1379.9296875,8100.0,264.0,0.0,1379.9296875,8100.0,264.0,0.0,0.0,944.6875,1194.0,795.0,0.0,6,62,17.265625,0.0,1.0,7.8125,8,7.8125,8.0,8,8,3.2084062695503235e-05,2.9691991601139307,70.19411118328571,14.1039613365283,0.0,0.0,0.0,70.19411118328571,0.0,1194,8100,72.50933258421719,9.373575448989868e-05,2.298136118799448,0.0038932878524065018,13.845983443781734,88.6881502866745,4.4930726289749146e-05,0.4105130616042325,0.04653314370908427,1.3084438810175405e-05,297551,88.6881502866745,1677.5127175287778,,,,,,,
82,0.2006344050168991,0.0,6.532395605063357e-05,0.0,0.0,0.0,0.33283739010910257,226.86913394927979,232.8515625,139.4634780883789,5e-06,82,3,1.0,1.0,1.0,1.0,1.0,1.0,0.0,0.0,0.0,0.0,0.0,0.0,1706.9765625,7352.0,270.0,0.0,1706.9765625,7352.0,270.0,0.0,0.0,962.9375,1107.0,781.0,0.0,6,48,18.640625,0.0,1.0,8.0,8,8.0,8.0,8,8,3.205612301826477e-05,2.9931340869516134,67.99853973835707,18.07508098098333,0.0,0.0,0.0,67.99853973835707,0.0,867,7352,70.26004308648407,0.00010739639401435852,2.6147101428359747,0.0038316305726766586,15.778779104351997,88.71105999685824,3.9577484130859375e-05,0.3215665631689989,0.0461706664960307,1.121182672861269e-05,341749,88.71105999685824,1926.19161585998,,,,,,,
83,0.20527604222297668,0.0,4.5290636762729264e-05,0.0,0.0,0.0,0.32824439292910396,226.86913394927979,232.8515625,139.57261276245117,5e-06,83,3,1.0,1.0,1.0,1.0,1.0,1.0,0.0,0.0,0.0,0.0,0.0,0.0,1250.1796875,4826.0,186.0,0.0,1250.1796875,4826.0,186.0,0.0,0.0,937.1875,1086.0,780.0,0.0,6,52,15.109375,0.0,1.0,8.0,8,8.0,8.0,8,8,3.1266361474990845e-05,1.9444373287260532,44.301244515925646,13.049560144165298,0.0,0.0,0.0,44.301244515925646,0.0,1086,4826,46.52694212459028,9.60472971200943e-05,2.199211947619915,0.0037027373909950256,12.723372770473361,61.48001850955188,3.6306679248809814e-05,0.2907515927372333,0.04544337609952519,1.3224865048931633e-05,279983,61.48001850955188,2277.0243632612137,,,,,,,
84,0.19079111516475677,0.0,-0.00011138125842080626,0.0,0.0,0.0,0.3317715976951918,226.86913394927979,232.8515625,139.67405319213867,5e-06,84,3,1.0,1.0,1.0,1.0,1.0,1.0,0.0,0.0,0.0,0.0,0.0,0.0,1579.9375,6024.0,207.0,0.0,1579.9375,6024.0,207.0,0.0,0.0,926.25,1212.0,779.0,0.0,6,52,18.34375,0.0,1.0,8.0,8,8.0,8.0,8,8,3.0662864446640015e-05,2.226346442475915,54.547318613156676,16.34424889818183,0.0,0.0,0.0,54.547318613156676,0.0,964,5978,56.819158433005214,9.13962721824646e-05,2.4609668385237455,0.0037047192454338074,14.829223169013858,74.14148055575788,4.0028244256973267e-05,0.2809602754905515,0.04622691079894093,1.154866469685593e-05,320792,74.14148055575788,2163.3773536444914,,,,,,,
85,0.21603994071483612,0.00020401020447025076,1.917642885018722e-05,0.0,0.0020494137424975634,0.10693359375,0.33403093459567856,226.86913394927979,232.8515625,139.10216522216797,5e-06,85,3,0.9296875,1.0,0.0,0.9296875,1.0,0.0,-0.015616164542734623,0.35355237126350403,-2.4748666286468506,-0.015616164542734623,0.35355237126350403,-2.4748666286468506,1748.375,8192.0,213.0,0.0078125,1748.375,8192.0,213.0,0.0078125,0.0,954.0,1357.0,789.0,0.0,6,62,18.3046875,0.0625,0.9375,7.4375,8,7.4375,8.0,8,8,5.7913362979888916e-05,2.329549180343747,75.30819249339402,17.94173103533103,0.0,0.0,0.0,75.30819249339402,0.0,1357,8192,77.61861374229193,0.00010065175592899323,2.638974219560623,0.0036998260766267776,16.29194994457066,96.57899264805019,4.038028419017792e-05,0.34683372838301607,0.04709962863849698,1.069610665568128e-05,345904,96.57899264805019,1790.7828116437875,,,,,,,
86,0.20528973639011383,0.00015739022182970075,4.314880322908721e-05,0.0,0.008980677754152566,0.18603515625,0.33110664361283615,226.86913394927979,232.8515625,139.41399383544922,5e-06,86,3,0.9296875,1.0,0.0,0.9296875,1.0,0.0,-0.06689134240150452,0.35355237126350403,-2.4748666286468506,-0.06689134240150452,0.35355237126350403,-2.4748666286468506,1615.046875,8187.0,217.0,0.0,1615.046875,8187.0,217.0,0.0,0.0,968.5,1206.0,786.0,0.0,6,62,18.40625,0.0625,0.9375,7.4375,8,7.4375,8.0,8,8,3.248825669288635e-05,2.3256666641682386,73.08044103719294,16.470885465911124,0.0,0.0,0.0,73.08044103719294,0.0,1206,8187,75.39209900423884,0.00011792033910751343,2.532747283577919,0.003770137205719948,15.538576070219278,93.49531119689345,4.484318196773529e-05,0.36469577607189635,0.04698777743236732,1.1400682218969645e-05,330694,93.49531119689345,1768.5057986682646,,,,,,,
87,0.22579310834407806,0.0010405757930129766,-8.894107963897113e-06,1.2656946637434885e-06,0.008686388871865347,0.2607421875,0.3318174413829253,226.86913394927979,232.8515625,139.71789169311523,5e-06,87,3,0.890625,1.0,0.0,0.890625,1.0,0.0,-0.08953782916069031,0.7245674133300781,-2.4748666286468506,-0.08953782916069031,0.7245674133300781,-2.4748666286468506,2100.1328125,8192.0,255.0,0.0234375,2100.1328125,8192.0,255.0,0.0234375,0.0,978.75,1141.0,819.0,0.0,6,62,23.0859375,0.0625,0.9375,7.125,8,7.125,8.0,8,8,2.8830021619796753e-05,2.8689029552042484,79.95901915431023,21.42312281865452,0.0,0.0,0.0,79.95901915431023,0.0,819,8192,82.29980331659317,0.00010540708899497986,2.9910235218703747,0.003853732720017433,19.105411859229207,104.42726015299559,4.1961669921875e-05,0.3061555010159074,0.04847895786882216,9.778640081039524e-06,394097,104.42726015299559,1886.9450343837973,,,,,,,
88,0.22996965050697327,0.0010532224841881543,-4.650633127312176e-05,0.0,0.017611366929486394,0.283203125,0.32963485526597025,226.86913394927979,232.8515625,139.56383895874023,5e-06,88,3,0.921875,1.0,0.0,0.921875,1.0,0.0,-0.12156424671411514,1.6201815605163574,-2.4748666286468506,-0.12156424671411514,1.6201815605163574,-2.4748666286468506,2028.90625,8192.0,275.0,0.015625,2028.90625,8192.0,275.0,0.015625,0.0,940.9375,1132.0,786.0,0.0,6,62,20.90625,0.0,1.0,7.375,8,7.375,8.0,8,8,3.0467286705970764e-05,3.005435785278678,76.38448380492628,20.617526803878718,0.0,0.0,0.0,76.38448380492628,0.0,1132,8192,78.71337588876486,9.597651660442352e-05,2.879920234903693,0.004959218204021454,18.563358046114445,100.20776735059917,3.9888545870780945e-05,0.3030934766606271,0.04883295113935509,1.3045767885572299e-05,380140,100.20776735059917,1896.7591537589876,,,,,,,
89,0.19457100331783295,0.0007623597157362383,-2.9169683330110274e-05,0.0,0.015074197493959218,0.2685546875,0.3313706605955712,226.86913394927979,232.8515625,139.9625015258789,5e-06,89,3,0.9765625,1.0,0.0,0.9765625,1.0,0.0,-0.1257944256067276,0.35355237126350403,-2.4748666286468506,-0.1257944256067276,0.35355237126350403,-2.4748666286468506,2015.6640625,8102.0,313.0,0.0,2015.6640625,8102.0,313.0,0.0,0.0,980.125,1096.0,817.0,0.0,8,62,22.28125,0.0,1.0,7.8125,8,7.8125,8.0,8,8,3.14563512802124e-05,3.399750167503953,68.71260905452073,21.332680578547297,0.0,0.0,0.0,68.71260905452073,0.0,1058,8102,71.04462619125843,8.916109800338745e-05,2.8702220506966114,0.003782607614994049,17.969892548397183,91.91482310369611,3.744475543498993e-05,0.27536143172131716,0.04686237335321502,9.864386769434307e-06,383461,91.91482310369611,2085.958428965198,,,,,,,
90,0.1956259161233902,0.0004202524942229502,3.687989737954922e-05,0.0,0.003889259649440646,0.18359375,0.3286460064728729,226.86913394927979,232.8515625,139.72867965698242,5e-06,90,3,0.9765625,1.0,0.0,0.9765625,1.0,0.0,-0.02728431113064289,0.7245674133300781,-1.20761239528656,-0.02728431113064289,0.7245674133300781,-1.20761239528656,1454.953125,6386.0,238.0,0.0,1454.953125,6386.0,238.0,0.0,0.0,988.875,1086.0,787.0,0.0,6,62,16.84375,0.0,1.0,7.8125,8,7.8125,8.0,8,8,3.06740403175354e-05,2.6141351871192455,57.217384254559875,15.27948807652865,0.0,0.0,0.0,57.217384254559875,0.0,1012,6386,59.50684151239693,0.0001020524650812149,2.4168754685670137,0.006987744942307472,14.512940326705575,76.46983164735138,3.970228135585785e-05,0.31952726952327143,0.046395384823712714,2.233862390047464e-05,312810,76.46983164735138,2045.3163898840264,,,,,,,
91,0.20897847414016724,0.0005527043977053836,-1.5339244285428322e-05,0.0,0.013212813006248325,0.2412109375,0.3285800299212439,226.86913394927979,232.8515625,139.81806182861328,5e-06,91,3,0.8984375,1.0,0.0,0.8984375,1.0,0.0,-0.11073295772075653,0.935412585735321,-2.4748666286468506,-0.11073295772075653,0.935412585735321,-2.4748666286468506,1591.3125,7961.0,216.0,0.0,1591.3125,7961.0,216.0,0.0,0.0,968.0,1099.0,781.0,0.0,6,62,19.203125,0.0625,0.9375,7.1875,8,7.1875,8.0,8,8,2.9537826776504517e-05,2.383602173998952,71.26193436048925,16.053839665531996,0.0,0.0,0.0,71.26193436048925,0.0,972,7961,73.58138666860759,0.00010459497570991516,2.5306864585727453,0.003740621730685234,15.559582065790892,91.70110541582108,3.8271769881248474e-05,0.36124556512218486,0.04749683162528661,1.1418538092154979e-05,327592,91.70110541582108,1786.1943894488809,,,,,,,
92,0.19030465185642242,0.0006600935303140432,6.114832785897306e-06,1.4646949466623482e-06,0.017298108257818967,0.21630859375,0.32845780687359993,226.86913394927979,232.8515625,139.38859176635742,5e-06,92,3,0.953125,1.0,0.0,0.953125,1.0,0.0,-0.11243846267461777,0.7245674133300781,-2.4748666286468506,-0.11243846267461777,0.7245674133300781,-2.4748666286468506,1753.6328125,7257.0,241.0,0.0,1753.6328125,7257.0,241.0,0.0,0.0,909.5625,1053.0,783.0,0.0,6,62,20.65625,0.0,1.0,7.625,8,7.625,8.0,8,8,2.8286129236221313e-05,2.611600359901786,64.62080876715481,18.07808262652543,0.0,0.0,0.0,64.62080876715481,0.0,995,7257,66.97920514456928,0.00010180100798606873,2.590798916295171,0.0038648638874292374,16.118121445178986,85.74014746956527,3.672763705253601e-05,0.29839487289586025,0.04728260942764063,1.1337602232483998e-05,340889,85.74014746956527,1987.9193706833987,,,,,,,
93,0.19410286843776703,0.0006441148307203548,3.70616407963098e-05,0.0,0.0137136215926148,0.2978515625,0.32364054305492507,226.86913394927979,232.8515625,139.20257568359375,5e-06,93,4,0.984375,1.0,0.0,0.984375,1.0,0.0,-0.11021822690963745,0.35355237126350403,-2.4748666286468506,-0.11021822690963745,0.35355237126350403,-2.4748666286468506,1449.046875,6922.0,221.0,0.0,1449.046875,6922.0,221.0,0.0,0.0,987.125,1091.0,797.0,0.0,6,62,17.078125,0.0,1.0,7.875,8,7.875,8.0,8,8,0.0001481417566537857,2.4136183634400368,60.36107578501105,15.178300507031963,0.0,0.0,0.0,60.36107578501105,0.0,977,6922,62.70890676788986,0.00015833042562007904,2.4235208984464407,0.004139494150876999,14.637361163273454,79.82864077202976,4.1754916310310364e-05,0.3380935030995043,0.04694019550163055,1.3274842545223355e-05,311830,79.82864077202976,1953.121066476047,,,,,,,
94,0.23229676485061646,0.0004648434041882865,-5.563350759985042e-05,0.0,0.0067517709685489535,0.16455078125,0.33744175190218595,226.86913394927979,232.8515625,139.9250373840332,5e-06,94,4,0.828125,1.0,0.0,0.828125,1.0,0.0,-0.04795857518911362,1.20761239528656,-2.4748666286468506,-0.04795857518911362,1.20761239528656,-2.4748666286468506,2501.4140625,8192.0,314.0,0.0078125,2501.4140625,8192.0,314.0,0.0078125,0.0,973.5625,1357.0,784.0,0.0,6,62,25.6171875,0.125,0.875,6.625,8,6.625,8.0,8,8,6.128288805484772e-05,3.7997599095106125,79.5916844792664,26.307343613851117,0.0,0.0,0.0,79.5916844792664,0.0,867,8192,81.94784100912511,0.00011635199189186096,3.426158567890525,0.0038825906813144684,21.92652551457286,107.3476034924388,5.338527262210846e-05,0.2559422358263767,0.0492955786899931,8.72890482920179e-06,444797,107.3476034924388,2071.7602700433363,,,,,,,
95,0.21712614595890045,0.0008085101144388318,0.0001822430137963238,0.0,0.008445970248430967,0.2548828125,0.3279505145107201,226.86913394927979,232.8515625,141.46733856201172,5e-06,95,4,0.9765625,1.0,0.0,0.9765625,1.0,0.0,-0.05176738649606705,0.5400605201721191,-2.4748666286468506,-0.05176738649606705,0.5400605201721191,-2.4748666286468506,1675.5234375,7050.0,264.0,0.0,1675.5234375,7050.0,264.0,0.0,0.0,942.5,1092.0,783.0,0.0,6,62,18.609375,0.0,1.0,7.8125,8,7.8125,8.0,8,8,5.589425563812256e-05,3.045795666053891,61.78032457083464,17.46660142346809,0.0,0.0,0.0,61.78032457083464,0.0,819,6540,64.05920946970582,0.0001150127500295639,2.5531748831272125,0.003836939111351967,15.69790112785995,82.34085109643638,4.050508141517639e-05,0.29869028554372384,0.04684444409654215,1.1449892456295949e-05,335107,82.34085109643638,2034.8769507345003,,,,,,,
96,0.21734075248241425,0.0010898261243710294,0.0001833939545576868,0.0,0.01792334229685366,0.3115234375,0.33020696758357515,226.86913394927979,232.8515625,141.58338928222656,5e-06,96,4,0.96875,1.0,0.0,0.96875,1.0,0.0,-0.11320283263921738,0.5400605201721191,-2.4748666286468506,-0.11320283263921738,0.5400605201721191,-2.4748666286468506,1973.3046875,8192.0,254.0,0.015625,1973.3046875,8192.0,254.0,0.015625,0.0,951.0,1215.0,781.0,0.0,6,62,21.15625,0.0,1.0,7.75,8,7.75,8.0,8,8,3.816932439804077e-05,2.8216510508209467,77.62486367300153,20.419502086064313,0.0,0.0,0.0,77.62486367300153,0.0,1215,8192,79.99825624004006,9.837746620178223e-05,2.834432128816843,0.0037197601050138474,18.034378223121166,100.89639106020331,3.705546259880066e-05,0.3167206670284226,0.048180198346084314,9.937618998677163e-06,374311,100.89639106020331,1854.9275948663735,,,,,,,
97,0.21926172077655792,0.0008543829062546138,-1.4958841347834095e-05,1.3150972790754167e-06,0.0159138359449571,0.2548828125,0.3305885436198778,226.86913394927979,232.8515625,141.71771240234375,5e-06,97,4,0.9609375,1.0,0.0,0.9609375,1.0,0.0,-0.13372564315795898,0.5400605201721191,-2.4748666286468506,-0.13372564315795898,0.5400605201721191,-2.4748666286468506,1817.625,8148.0,194.0,0.0,1817.625,8148.0,194.0,0.0,0.0,953.375,1099.0,779.0,0.0,6,62,19.609375,0.0,1.0,7.6875,8,7.6875,8.0,8,8,3.535859286785126e-05,2.113848639652133,72.4870135858655,18.71058719328721,0.0,0.0,0.0,72.4870135858655,0.0,995,8148,74.80990650132298,0.0001019798219203949,2.7017321828752756,0.003818472847342491,17.071761706843972,94.61963176727295,3.596395254135132e-05,0.3215472908556968,0.048131771322525635,1.0765723247875573e-05,354688,94.61963176727295,1874.2833457246636,,,,,,,
98,0.1794358342885971,0.0007810347888153046,-3.7408816638162534e-05,0.0,0.0094326997641474,0.2802734375,0.32525688431860644,226.86913394927979,232.8515625,141.12334442138672,5e-06,98,4,0.984375,1.0,0.0,0.984375,1.0,0.0,-0.06574316322803497,0.35355237126350403,-2.4748666286468506,-0.06574316322803497,0.35355237126350403,-2.4748666286468506,1393.734375,6430.0,217.0,0.0,1393.734375,6430.0,217.0,0.0,0.0,937.5625,1204.0,789.0,0.0,6,62,16.546875,0.0,1.0,7.875,8,7.875,8.0,8,8,3.359466791152954e-05,2.3404994048178196,57.51654951274395,14.27176554952166,0.0,0.0,0.0,57.51654951274395,0.0,986,6357,59.859946912154555,0.00010067969560623169,2.342666769400239,0.004179643467068672,14.011577507480979,76.27180935628712,3.606453537940979e-05,0.33554158069123285,0.046954744567739855,1.4006566446615256e-05,298406,76.27180935628712,1956.2011345899864,,,,,,,
99,0.18141081929206848,0.0005300736156641506,1.1113412256236188e-05,0.0,0.004986977321095765,0.25732421875,0.31797862958562995,226.86913394927979,232.8515625,141.52441787719727,5e-06,99,4,0.9921875,1.0,0.0,0.9921875,1.0,0.0,-0.03487319499254227,0.35355237126350403,-2.4748666286468506,-0.03487319499254227,0.35355237126350403,-2.4748666286468506,1279.984375,6551.0,319.0,0.0,1279.984375,6551.0,319.0,0.0,0.0,957.9375,1154.0,784.0,0.0,6,62,15.78125,0.0,1.0,7.9375,8,7.9375,8.0,8,8,3.271549940109253e-05,3.4960762541741133,57.41696212626994,13.392842753150035,0.0,0.0,0.0,57.41696212626994,0.0,1154,6551,59.66972801275551,0.00011478550732135773,2.2262723427265882,0.004051584750413895,13.478535432368517,75.41697837226093,3.821030259132385e-05,0.364199563060801,0.04705305365737088,1.4143927996864748e-05,286454,75.41697837226093,1899.1346920984604,,,,,,,
100,0.1808030605316162,0.0005923619246459566,-9.125009819399565e-05,0.0,0.009506986010819674,0.2314453125,0.3272037597977298,226.86913394927979,232.8515625,140.8389434814453,5e-06,100,4,0.984375,1.0,0.0,0.984375,1.0,0.0,-0.06864605098962784,0.35355237126350403,-2.4748666286468506,-0.06864605098962784,0.35355237126350403,-2.4748666286468506,1622.4765625,7497.0,215.0,0.0,1622.4765625,7497.0,215.0,0.0,0.0,944.4375,1099.0,785.0,0.0,6,62,19.390625,0.0,1.0,7.875,8,7.875,8.0,8,8,5.515851080417633e-05,2.3231110237538815,64.57310095615685,16.704703936513397,0.0,0.0,0.0,64.57310095615685,0.0,888,7497,66.8398358002305,9.762309491634369e-05,2.5219699684530497,0.003984594717621803,15.431500082835555,84.83759153448045,5.833059549331665e-05,0.3218451528105207,0.04696635394164185,1.2127264674027372e-05,328565,84.83759153448045,1936.4352173202706,,,,,,,
101,0.19017556309700012,0.000899056456546532,1.1343843084432592e-05,0.0,0.007899056596215814,0.298828125,0.3268248142795943,226.86913394927979,232.8515625,141.34199142456055,5e-06,101,4,0.9765625,1.0,0.0,0.9765625,1.0,0.0,-0.07131840288639069,0.35355237126350403,-2.4748666286468506,-0.07131840288639069,0.35355237126350403,-2.4748666286468506,1607.515625,6755.0,219.0,0.0,1607.515625,6755.0,219.0,0.0,0.0,956.75,1104.0,826.0,0.0,6,62,18.640625,0.0,1.0,7.8125,8,7.8125,8.0,8,8,3.0431896448135376e-05,2.439797608181834,61.13310601375997,16.935405888274545,0.0,0.0,0.0,61.13310601375997,0.0,905,6755,63.389645824208856,0.00010208040475845337,2.491062643006444,0.0037027522921562195,15.34950390458107,81.26288495212793,3.8800761103630066e-05,0.30807265590443744,0.046765045744642623,1.1281105982329918e-05,328226,81.26288495212793,2019.5320421700408,,,,,,,
102,0.18639890849590302,0.0003279918419138994,0.00011770816661282879,0.0,0.0008584862225688994,0.1552734375,0.3340419218017309,226.86913394927979,232.8515625,141.21220779418945,5e-06,102,4,0.9453125,1.0,0.0,0.9453125,1.0,0.0,-0.008658051490783691,2.4748666286468506,-0.35355237126350403,-0.008658051490783691,2.4748666286468506,-0.35355237126350403,1829.640625,7131.0,366.0,0.0,1829.640625,7131.0,366.0,0.0,0.0,1002.25,1141.0,867.0,0.0,8,62,21.921875,0.0,1.0,7.5625,8,7.5625,8.0,8,8,5.33033162355423e-05,4.067504508420825,65.17345437407494,18.911064671367058,0.0,0.0,0.0,65.17345437407494,0.0,1141,7131,67.45540402084589,9.758025407791138e-05,2.7106133345514536,0.0037951767444610596,16.780805103480816,86.97724689356983,3.580749034881592e-05,0.2880321614594989,0.04629417489276934,1.0469972976481755e-05,362482,86.97724689356983,2083.774854609695,,,,,,,
103,0.19714520871639252,0.0007444624061463401,-1.0298208508174866e-08,0.0,0.010440031182952225,0.2939453125,0.3260918426215672,226.86913394927979,232.8515625,141.38014221191406,5e-06,103,4,0.953125,1.0,0.0,0.953125,1.0,0.0,-0.07916256040334702,0.935412585735321,-1.6201815605163574,-0.07916256040334702,0.935412585735321,-1.6201815605163574,1557.4765625,7313.0,215.0,0.0,1557.4765625,7313.0,215.0,0.0,0.0,945.3125,1109.0,783.0,0.0,6,62,18.015625,0.0,1.0,7.625,8,7.625,8.0,8,8,3.0763447284698486e-05,2.3436255399137735,66.00879239290953,16.0631093566044,0.0,0.0,0.0,66.00879239290953,0.0,1109,7313,68.36748876608908,0.00012573227286338806,2.4656433034688234,0.0037363767623901367,15.225079201161861,86.09107434749603,4.2319297790527344e-05,0.3429399959173196,0.04752535203276926,1.1663165663276085e-05,320357,86.09107434749603,1860.5703461599187,,,,,,,
104,0.18601807951927185,0.0,-7.158242397053982e-05,0.0,0.0,0.0,0.32793857448375513,226.86913394927979,232.8515625,140.68091201782227,5e-06,104,4,0.9375,1.0,0.0,0.9375,1.0,0.0,0.0,0.0,0.0,0.0,0.0,0.0,1204.9453125,6952.0,222.0,0.0,1204.9453125,6952.0,222.0,0.0,0.0,913.3125,1255.0,783.0,0.0,6,62,15.21875,0.0625,0.9375,7.5,8,7.5,8.0,8,8,2.8243288397789e-05,2.4161319714039564,59.753762828186154,12.108057634715806,0.0,0.0,0.0,59.753762828186154,0.0,1255,6952,61.98235094174743,9.66433435678482e-05,2.1429030280560255,0.003608863800764084,12.614015696570277,76.78296159766614,3.7940219044685364e-05,0.4018747670196873,0.04652266454438265,1.3310111865086963e-05,271137,76.78296159766614,1765.606550973682,,,,,,,
105,0.18469585478305817,0.0,6.636213947786018e-05,0.0,0.0,0.0,0.3224304685195205,226.86913394927979,232.8515625,141.02021408081055,5e-06,105,4,1.0,1.0,1.0,1.0,1.0,1.0,0.0,0.0,0.0,0.0,0.0,0.0,1137.8515625,6704.0,231.0,0.0,1137.8515625,6704.0,231.0,0.0,0.0,929.125,1107.0,780.0,0.0,6,52,13.640625,0.0,1.0,8.0,8,8.0,8.0,8,8,3.275834023952484e-05,2.5116205140948296,57.69169254973531,11.925529872823972,0.0,0.0,0.0,57.69169254973531,0.0,1049,6704,59.95692182146013,9.416043758392334e-05,2.0762176290154457,0.003911493346095085,12.171212950721383,74.2356751486659,3.662519156932831e-05,0.41166481390682913,0.046003231436017214,1.4784174296300397e-05,264573,74.2356751486659,1781.9801562399791,,,,,,,
106,0.207478329539299,0.0007926780090201646,-6.6439238253224175e-06,1.1727179298759438e-06,0.008710468508070335,0.2138671875,0.32761064612092916,226.86913394927979,232.8515625,141.812255859375,5e-06,106,4,0.8984375,1.0,0.0,0.8984375,1.0,0.0,-0.059777405112981796,1.6201815605163574,-1.20761239528656,-0.059777405112981796,1.6201815605163574,-1.20761239528656,2093.0703125,8192.0,222.0,0.0078125,2093.0703125,8192.0,222.0,0.0078125,0.0,977.4375,1260.0,819.0,0.0,6,62,23.5234375,0.0,1.0,7.1875,8,7.1875,8.0,8,8,2.9053539037704468e-05,2.4047355484217405,75.00775148905814,21.638009451213293,0.0,0.0,0.0,75.00775148905814,0.0,1260,8192,77.30441297218204,9.176507592201233e-05,3.2128844000399113,0.003803649917244911,19.383673816919327,99.93249161913991,3.781728446483612e-05,0.2885429709352739,0.04931918788097278,9.677882875758313e-06,393025,99.93249161913991,1966.4525202568077,,,,,,,
107,0.17795886099338531,0.00030170496938808355,-3.0923119993531145e-05,0.0,0.013501253793947399,0.25537109375,0.31908076662350965,226.86913394927979,232.8515625,142.02313995361328,5e-06,107,4,0.9921875,1.0,0.0,0.9921875,1.0,0.0,-0.09944508224725723,0.35355237126350403,-2.4748666286468506,-0.09944508224725723,0.35355237126350403,-2.4748666286468506,1254.0859375,8192.0,212.0,0.0078125,1254.0859375,8192.0,212.0,0.0078125,0.0,885.0625,1057.0,781.0,0.0,6,55,15.7265625,0.0,1.0,7.9375,8,7.9375,8.0,8,8,3.1247735023498535e-05,2.2816375605762005,74.47953962534666,13.242725256335689,0.0,0.0,0.0,74.47953962534666,0.0,861,8192,76.81459715776145,0.00011789239943027496,2.1500253807753325,0.0037917234003543854,12.795056642964482,91.79282067343593,3.9985403418540955e-05,0.47852704695128706,0.04672952015428337,1.384795862969123e-05,273811,91.79282067343593,1491.4619574340993,,,,,,,
108,0.2021721750497818,0.0006958800804568455,7.456188882315473e-05,0.0,0.008301296315039508,0.21728515625,0.3297913265385647,226.86913394927979,232.8515625,141.23550415039062,5e-06,108,4,0.8828125,1.0,0.0,0.8828125,1.0,0.0,-0.05365096032619476,0.935412585735321,-1.20761239528656,-0.05365096032619476,0.935412585735321,-1.20761239528656,1695.203125,7790.0,218.0,0.0,1695.203125,7790.0,218.0,0.0,0.0,938.1875,1197.0,781.0,0.0,6,62,19.984375,0.0625,0.9375,7.0625,8,7.0625,8.0,8,8,5.570054054260254e-05,2.3582639154046774,68.65842921286821,16.814330030130805,0.0,0.0,0.0,68.65842921286821,0.0,1194,7790,70.93071665801108,8.777529001235962e-05,2.645805034786463,0.0037676356732845306,16.263360569253564,89.86968120373785,3.584474325180054e-05,0.32689075174440324,0.04824863551995575,1.1177473413210543e-05,337074,89.86968120373785,1875.3488133325015,,,,,,,
109,0.2073317915201187,0.0011955849031437538,3.12183177584302e-05,0.0,0.012810100917704403,0.2841796875,0.3312627621746157,226.86913394927979,232.8515625,141.67434692382812,5e-06,109,4,0.84375,1.0,0.0,0.84375,1.0,0.0,-0.09773764759302139,2.4748666286468506,-2.4748666286468506,-0.09773764759302139,2.4748666286468506,-2.4748666286468506,2517.046875,8192.0,512.0,0.0078125,2517.046875,8192.0,512.0,0.0078125,0.0,1006.875,1096.0,891.0,0.0,8,62,27.7890625,0.0,1.0,6.75,8,6.75,8.0,8,8,3.1284987926483154e-05,5.830459652468562,78.98935637623072,26.571930599719053,0.0,0.0,0.0,78.98935637623072,0.0,891,8192,81.18790202401578,9.729713201522827e-05,3.3669843655079603,0.00386679545044899,21.992317989468575,106.58350675739348,3.852322697639465e-05,0.25199391034885804,0.04875675182007922,8.572647331074198e-06,451062,106.58350675739348,2116.002811892426,,,,,,,
110,0.19237715005874634,0.0009705379634397104,8.684361625910242e-05,1.7335589745925972e-06,0.034221906564198434,0.3642578125,0.3246596255303499,226.86913394927979,232.8515625,141.94005966186523,5e-06,110,4,0.9296875,1.0,0.0,0.9296875,1.0,0.0,-0.21870604157447815,1.20761239528656,-2.4748666286468506,-0.21870604157447815,1.20761239528656,-2.4748666286468506,1513.4609375,7154.0,250.0,0.0,1513.4609375,7154.0,250.0,0.0,0.0,942.75,1132.0,788.0,0.0,6,62,17.84375,0.0,1.0,7.4375,8,7.4375,8.0,8,8,4.972144961357117e-05,2.7895445208996534,60.80607774108648,15.126138710809755,0.0,0.0,0.0,60.80607774108648,0.0,989,7093,63.05762441456318,8.751079440116882e-05,2.4198417365550995,0.0037587396800518036,15.00754621066153,80.51688704453409,3.939308226108551e-05,0.3255040672225971,0.047734684745818254,1.195546901207654e-05,314395,80.51688704453409,1952.3544161990972,,,,,,,
111,0.17915908992290497,0.0005876612121937796,5.345922653532398e-05,0.0,0.014128333888947964,0.2861328125,0.3231651769767913,226.86913394927979,232.8515625,141.01134872436523,5e-06,111,4,0.984375,1.0,0.0,0.984375,1.0,0.0,-0.10781975090503693,0.35355237126350403,-2.4748666286468506,-0.10781975090503693,0.35355237126350403,-2.4748666286468506,1428.4921875,7935.0,198.0,0.0,1428.4921875,7935.0,198.0,0.0,0.0,965.0625,1223.0,787.0,0.0,6,62,17.0,0.0,1.0,7.875,8,7.875,8.0,8,8,2.9884278774261475e-05,2.1039423439651728,66.3761477060616,15.021294819860486,0.0,0.0,0.0,66.3761477060616,0.0,1060,7935,68.58090030401945,0.00010533444583415985,2.373689219355583,0.0037074293941259384,14.268416680395603,85.27001847699285,3.5936012864112854e-05,0.37507260334607323,0.04657173947089548,1.2100952734805185e-05,306375,85.27001847699285,1796.4989657101146,,,,,,,
112,0.15011098980903625,0.0,-9.44299149523431e-05,0.0,0.0,0.0,0.3306707853598681,226.86913394927979,232.8515625,141.2969512939453,5e-06,112,4,1.0,1.0,1.0,1.0,1.0,1.0,0.0,0.0,0.0,0.0,0.0,0.0,1367.375,3726.0,357.0,0.0,1367.375,3726.0,357.0,0.0,0.0,962.0625,1116.0,802.0,0.0,8,42,17.3125,0.0,1.0,8.0,8,8.0,8.0,8,8,3.088079392910004e-05,3.9529297668486834,34.474514063447714,15.108355197851779,0.0,0.0,0.0,34.474514063447714,0.0,888,3726,36.73472288809717,0.0001812409609556198,2.2729895878583193,0.0038049686700105667,13.265766674652696,52.30598948150873,4.0724873542785645e-05,0.20988391813749638,0.044490913426835525,1.2761157032312545e-05,298168,52.30598948150873,2850.2280805280307,,,,,,,
113,0.20014294981956482,0.0001862873405116261,1.3148283869668376e-05,0.0,0.01462044968502596,0.18505859375,0.329629539520879,226.86913394927979,232.8515625,141.1275405883789,5e-06,113,4,0.921875,1.0,0.0,0.921875,1.0,0.0,-0.09826643764972687,0.5400605201721191,-1.6201815605163574,-0.09826643764972687,0.5400605201721191,-1.6201815605163574,1536.28125,8031.0,220.0,0.0,1536.28125,8031.0,220.0,0.0,0.0,963.3125,1206.0,783.0,0.0,6,62,17.109375,0.0625,0.9375,7.375,8,7.375,8.0,8,8,3.0351802706718445e-05,2.3485400807112455,67.77641119249165,15.646484541153768,0.0,0.0,0.0,67.77641119249165,0.0,954,8031,70.08930289000273,0.00010256096720695496,2.4570961482822895,0.003831811249256134,15.012343842536211,87.58874201588333,3.884546458721161e-05,0.3564273656455459,0.04692119920279612,1.197635631182609e-05,319948,87.58874201588333,1826.421938689225,,,,,,,
114,0.19343352317810059,0.0006425141909858212,6.7863272761314875e-06,0.0,0.017973263515159488,0.3486328125,0.32245663288718923,226.86913394927979,232.8515625,141.2953758239746,5e-06,114,4,0.984375,1.0,0.0,0.984375,1.0,0.0,-0.11699649691581726,0.35355237126350403,-2.4748666286468506,-0.11699649691581726,0.35355237126350403,-2.4748666286468506,1264.5390625,8192.0,220.0,0.0078125,1264.5390625,8192.0,220.0,0.0078125,0.0,912.5,1080.0,779.0,0.0,6,62,15.4296875,0.0,1.0,7.875,8,7.875,8.0,8,8,3.05958092212677e-05,2.3845396265387535,69.89652343653142,12.801476584587363,0.0,0.0,0.0,69.89652343653142,0.0,954,8192,72.26273243688047,9.64682549238205e-05,2.185364877805114,0.0037887468934059143,13.105176132172346,87.58357220888138,3.7632882595062256e-05,0.44644931414534983,0.04702910034835282,1.3596258153835356e-05,278661,87.58357220888138,1590.8291530711424,,,,,,,
115,0.19115285575389862,0.0005084369404357858,-4.44372692527395e-05,0.0,0.0017173179658129811,0.19482421875,0.33050927534984736,226.86913394927979,232.8515625,140.88956832885742,5e-06,115,4,0.984375,1.0,0.0,0.984375,1.0,0.0,-0.010142450220882893,0.5400605201721191,-1.6201815605163574,-0.010142450220882893,0.5400605201721191,-1.6201815605163574,1563.5859375,7369.0,209.0,0.0,1563.5859375,7369.0,209.0,0.0,0.0,987.8125,1120.0,819.0,0.0,6,62,18.0625,0.0,1.0,7.875,8,7.875,8.0,8,8,2.991408109664917e-05,2.2828669250011444,65.36330372840166,16.183890993212117,0.0,0.0,0.0,65.36330372840166,0.0,1120,7369,67.75895295478404,9.827688336372375e-05,2.4927882105112076,0.004923824220895767,15.217362321913242,85.5141388233751,4.9971044063568115e-05,0.33855946594508834,0.046596267126524496,1.5076977456896394e-05,326579,85.5141388233751,1909.502945907761,0.9572192513368984,0.9572192513368984,6,62,18.703208556149733,2108.9983647745103,20.096754260361195
